"sample","class","78.02055","452.00345","138.96337","73.53838","385.12885","237.02815","222.02744","399.33298","394.23541","428.03716","207.01423","210.06077","397.06669","315.03262","174.08419","438.14243","161.0295","173.98804","133.07219","407.14259","451.97517","167.02071","500.2254","133.06077","553.32542","170.0326","211.10945","203.05255","170.06172","324.24879","245.13234","102.09132","263.13186","228.99584","470.9348","242.07889","370.19102","336.94224","174.9828","136.0474","144.10058"
"batch01_C05",1,479.521413885482,779.475108805348,953.493731892157,560.470149460694,1367.42275183549,916.703817712356,935.731304304533,4917.23788728626,410.14212460158,899.870623513498,828.034945587195,1450.33266997161,534.563248274711,1445.84923485419,1373.37557848989,441.144491312399,1103.79504385942,1269.68275136459,2244.35141535054,2384.74659835078,176.551587773574,776.049216791475,1508.89299823311,1116.92879909188,477.372203917936,1717.0995705569,811.478275050435,1464.01175059036,737.705177826736,2436.73804929513,1274.46953998988,1575.70132846057,1563.1637668531,834.450326251474,974.198215077349,778.796309082543,1447.40318273049,1409.06947884866,857.265356220283,1204.13399377443,867.681673001685
"batch01_S07",2,609.336816822864,1685.99227281625,756.009675887662,1235.49228061189,806.364547042319,618.800525117705,599.738722281911,3236.02686077907,768.095072889704,870.549995312446,1191.4641962427,802.045039033508,963.382486937249,1536.50828841099,741.871630069842,1141.0093218486,930.982423040257,1619.20728500257,1108.28591693309,915.367415512047,1244.59356488045,1459.45354861183,1112.69797239687,743.422223204226,615.260206414455,1597.322884172,718.11412157714,750.633619874316,1152.75763532996,2396.08583941271,986.296632370982,1153.89035380929,671.83520644388,693.239861025231,1252.43426263239,1027.6817437918,758.053155075195,1605.62344302875,1599.31824009382,1020.92221904189,830.847572162354
"batch01_C10",1,1065.08617255711,1361.44769538313,841.776082686804,1116.62904501964,1078.29106120562,966.188328555693,1068.33123825116,3225.73215766256,630.618756974424,1079.99268836612,1858.5270675576,1042.93072138337,875.028341023581,1124.06740492293,616.566234242531,872.03371725456,1242.60734453928,874.786672119976,892.850559968905,1626.63241507677,449.410815745314,2010.19277244619,589.627788384654,712.963987107503,461.100172228223,1554.11953390701,688.0822962969,1051.98702093435,1330.09908008022,1952.44867634218,1228.45968621728,1149.9549148196,530.611579044454,750.687296664548,1855.05751138485,603.952572211706,1346.84185447502,1363.85571269049,720.375913828609,1093.25750507295,1165.92215461478
"batch01_S01",2,625.538302227072,1130.46699162578,852.911766669085,1483.61252792463,840.781589913377,1030.13833420242,662.882009278378,4347.94288052017,660.270113623441,838.640741591203,720.126296436501,974.429204765453,1155.25042093514,1312.23393990882,1407.15264061548,762.253038513091,828.005592836066,1883.14974025508,1539.1493284423,525.016590851172,1258.58747163686,1137.38196719931,1128.63087262639,487.879536844527,345.744087303843,1321.49056806688,963.729084761382,583.294872127175,894.014745359212,2852.45750465841,1300.56797304377,1281.35739140321,998.545979290411,565.503205896248,757.45111967375,1002.4876276157,3591.70669423998,1782.85153689987,1557.2493701026,814.756800399651,855.296374235263
"batch01_C03",1,1098.46817270969,1827.37373807068,1060.63450079884,872.597008220598,907.493516761568,985.118813672659,892.496362464654,3179.48347195663,741.258392871037,1188.79273911701,983.006217721216,1146.33877276271,1010.71244253066,327.994598265268,1010.07238224437,842.045918858356,1007.96689638072,1981.08903118639,1034.14635376716,655.911685540181,954.740389957213,1019.79019455846,560.735950278102,1003.00053386898,313.280512112492,1239.34684970097,963.716761458152,619.757251796445,743.345780486081,2269.74460843198,992.349329160581,1349.38036415629,1109.61628976904,1052.1915021737,1551.96701962762,1174.45917628978,3289.15476922982,422.170226827971,1687.53350781919,837.074192267478,915.290181787296
"batch01_S05",2,460.766101503692,707.917466210666,1302.18065280002,1088.4259092484,853.050159155081,856.418113799733,674.694915027647,4131.66207675098,263.802667344302,1013.32350570759,809.93926701017,1558.84936854661,1024.62211224803,1574.3305174252,908.382901012238,877.553366341815,1416.87122450968,2192.10412644294,1535.64821970494,1279.43867264093,982.70941380692,1210.1321578865,1226.74805216631,863.339788017382,210.600331988946,1773.08237668971,1069.69485964832,941.396493283165,1080.71584451259,1994.38718736636,1924.65987158163,1784.59015175779,1209.26188198622,753.852428475905,643.921203108196,752.051969620566,3487.95852909115,1916.93042325492,1772.2578450833,1103.74236979256,1168.8761175289
"batch01_C07",1,1113.52802242082,1033.26506139122,1196.37417766609,696.887569165778,1152.15320936431,848.875184118463,1031.56368165754,3214.81782914189,521.812773439027,1348.30713331077,1144.48444448425,1504.97240540297,398.800153104099,418.590412995936,896.906131690866,407.011270568035,1507.73301225913,1504.9391647158,1471.32988463485,911.871283512737,542.416758730708,1172.94087739845,616.582850960635,1616.5113955868,433.923712074543,1500.48141527657,1028.85505496146,881.288727032564,948.409850560826,2211.0493085505,1133.72306604379,1041.65931609437,764.028218193431,858.41402095807,1280.02640319505,625.153316531056,3274.8525329428,553.251430822393,1437.82935525153,1160.59682859362,1036.4504636442
"batch01_S06",2,533.406764020592,1296.51519366584,1282.9651341428,822.680854123344,987.977905151132,1729.5632422658,1118.16006104116,3673.41274419137,1180.37999436541,788.235297312554,606.72742316183,664.350741478998,1441.03658671242,870.022690814827,1103.6353415648,557.338000853769,857.433728645982,1736.97770270311,1838.48714948799,670.327991413212,951.149478952967,898.527987789746,1095.23768206074,1153.8880553002,748.301115293392,1342.33680397263,967.372698628072,430.615797909803,732.469664834026,2530.24946515134,1520.89096038385,1277.95693572668,1139.83953038407,991.609989915265,426.874594358254,777.488715514412,1673.62901067838,1002.43212365704,1504.14023866767,1029.0119829111,1047.83024246023
"batch01_C08",1,704.461790275423,1631.93398290131,1085.76461352648,600.332626639732,1117.66434967943,1634.10113444897,1297.96768417667,3273.34366369966,990.655903226965,1083.12767296026,928.065652226018,1601.60757819545,1176.49878164314,886.494068278792,763.556362180714,298.357144499281,1415.20184341827,1482.44693236383,1191.02264257519,1110.65167998014,678.9404140487,922.560856197348,1322.95237449045,1358.65906634221,764.023383826002,1215.62909167762,870.695132187802,695.311447496577,735.972329508277,2571.36509112317,1154.03359296572,825.363871960666,548.825357585783,884.566676289348,1078.56222506495,852.927490094839,2352.7423365861,1219.13927542982,1088.75955080138,964.246942261198,939.192349611362
"batch01_C06",1,965.60358742622,1136.17824581293,957.630253045903,438.786220429604,1092.36818258753,790.716003320911,950.843777701686,4118.91864140642,596.93522597248,1236.06800679184,670.137772749734,1466.24904299371,669.189992664626,789.894097451983,928.454257393769,480.031373595765,1273.45752971073,1681.10480410821,902.958467370641,1436.9942400913,597.683419469784,860.18642720304,989.937969851819,817.693771515647,568.272281112863,1512.61446867436,980.159687445554,828.011974036414,560.509194628382,2683.35137423031,1402.51340195468,1045.02963580503,1243.67612849224,848.407798664766,982.679653747775,724.696268125101,3037.84782506496,1164.94595387733,1637.87306337946,889.27044324535,1055.56326338358
"batch01_S02",2,416.928349169041,859.653069419543,1019.54821549277,800.079522622174,799.80970422541,1003.89391346436,837.453012239612,5274.03343333762,735.198464249738,1006.95542419081,1128.82789271869,1523.40743782159,915.116940051114,1095.11765910809,831.444155845706,824.158209241199,942.338478770393,2265.54342655127,1994.32831274512,897.197926182523,940.032306279617,1218.15106221972,1007.46601962508,820.533693164259,453.086723578152,2127.90051191464,703.177265127237,910.335508804809,1029.13354911647,2442.45260359286,1541.16867625987,1162.19608491568,1024.53316524474,923.503307259368,950.311631760176,550.532318806147,1378.09778231287,1265.9072027735,1589.22486036837,1274.63237883092,855.946297374857
"batch01_S09",2,475.427140747719,1272.49779809842,1006.19573913597,686.21622511861,912.106085727315,1208.64863136417,828.70883527846,4007.92559076304,768.851447209939,736.429379781853,710.922069144863,1247.31037166974,1886.09569796835,1098.97217805565,960.580216518083,813.952293284835,731.951872982827,1487.25469070162,1602.00320981191,570.992822260073,1181.15645756952,811.748538059908,1456.72687744685,780.069646850446,428.773375127521,1105.63625205628,1217.76631736661,358.483514934918,767.09545358143,2762.70803499723,1185.00061655096,1024.78407441449,786.342894165521,665.873597585357,462.812854666468,909.213766087295,3196.56579814679,1048.1849455644,1240.78237689979,1012.47873222849,911.603823818647
"batch01_S04",2,693.100007459294,1777.83954119185,903.043945936711,1139.73601800796,795.688208179259,797.493299308335,613.365097792996,5066.03078251004,471.19075601314,968.23867318122,1212.73074051486,995.120717139412,1096.86370038266,1063.78310589183,996.400002154602,1128.64489848554,827.782942430091,1667.50080317515,2077.81082350938,791.802235157956,934.683453748817,1308.07675626198,721.535999426377,700.81750126996,302.676340275242,1667.85892010025,913.288135040301,1010.86555799269,1083.72091550603,2476.32651895974,1236.34972712129,1406.80199168977,982.043113394011,811.289905405967,1082.09090592211,695.665910925253,2472.88693984564,1270.76975883999,1466.45226437167,1203.06648708085,864.1721084125
"batch01_C04",1,894.80600788642,1474.48508598401,1036.12828814521,1047.95443880735,728.709169367039,1240.01469381519,1054.92092284817,3739.54842001709,691.495016890603,1072.29727151488,1325.78135244465,1120.65398245369,1090.51953615588,308.868625585202,728.174137068474,990.482885223362,598.40399425116,1981.6902752473,1954.99091989211,742.828721700493,417.333312050023,1222.54487051897,774.674797441037,856.610563581675,558.023871218037,1443.59386430895,800.378722240594,903.289488996996,1223.19161079826,2039.02363406995,1718.37155312968,1549.79587674135,893.017408382672,1135.64263750578,1626.47755827967,613.133639750139,4733.46074277804,373.540435622143,1451.02343103448,1137.16659722319,1213.51951437486
"batch01_S10",2,619.381232379442,1289.89387952891,808.074133008779,874.559606676162,746.643064406036,843.876972484521,751.280710746044,4871.35962443613,658.031974181806,806.453865407135,841.800416208434,1003.65048406211,1021.72495213269,1560.34141869943,942.448231099492,831.444934792507,888.178224911961,2022.75580571874,2174.67795854971,779.214123539877,1062.35201480126,1073.83485934092,1099.96012506202,664.533883622637,360.950688103393,2082.19086524391,922.107239232792,851.561041410817,809.474945693847,2765.64055563003,1803.85880917552,1242.85587963156,1423.29920595983,714.252831108477,627.148329598239,558.41554300169,3396.81188318416,1740.80026327355,1473.71595550557,1489.35955412431,703.921511754648
"batch01_C09",1,625.452999418039,813.288151776787,1249.6879113509,619.241581332835,1697.65428491783,1021.04578791749,626.824134200093,3560.3643642038,619.573687861493,1041.68969881248,841.377927123843,1116.41360479301,399.42606952711,749.31743492753,718.419809599084,465.26351261531,1471.9601279033,1220.56559257541,1746.94790235691,1554.85618337782,617.612433311287,829.890811115869,1626.01555799195,860.885527701598,629.747958348916,1193.35706341611,927.66807947405,1590.87918121298,817.391950260818,2497.67664810864,1268.98838476854,1110.87847740091,1030.22381396772,972.095965594582,834.232183219402,536.970337341325,2907.7819314418,897.75813938273,1053.77802492076,1118.1408750413,1116.13125966915
"batch02_C05",1,477.156231655618,1030.97982959077,1001.52268642775,643.381957510791,1316.33893382172,932.437780373238,1052.83876282243,5199.7872048786,392.891053714144,972.458046030243,824.758207220878,2228.36267493612,450.348155929377,1035.59458431806,1388.10209336373,409.46000965721,1023.9123222056,893.916580649893,2112.38696154737,2294.27712034387,215.359203640652,869.105612582989,1777.27138596263,1211.03657199675,671.674284294642,2093.88024678436,869.610950186184,1487.87032127947,772.036416546379,2211.57870018221,2810.0426453033,2079.533824008,1796.67956718997,1046.216179964,864.855769726299,833.850243476717,2413.37954495236,1516.11534328284,1003.74201958126,1521.69588016001,1179.90290336042
"batch02_S03",2,717.783847524261,1093.52664756744,1044.13035035104,1143.87838282253,729.950829352517,1064.74844478297,666.104887048695,4033.79946237794,545.467090498893,1047.16592768213,721.403630748303,1492.64603677827,1375.12526452571,1433.28679293121,941.910576384429,959.024735189044,964.141945569263,1755.26652079448,1877.9453403079,572.444761662735,980.105771381662,918.603912055284,982.544369683834,617.586290501473,461.040291477029,1360.58744183036,1115.55505478664,915.270569027058,971.601423695611,2423.89893312416,1251.95745861144,1668.7727397974,1180.899511999,934.11870011122,620.975382092232,884.918530159119,3988.8820047716,1422.43832828322,1785.46349022496,1011.54060929709,1151.4014746916
"batch02_S07",2,509.448012061705,1946.16005403786,835.935001524863,1483.13736136266,1100.31503943636,643.236662592511,843.407886310086,4895.15284278576,899.88039801383,1203.30330538705,831.820906370762,1236.73432253399,1200.28784900277,1077.39930213246,975.071601784319,1148.73697193605,483.514348722694,1002.16086087291,2006.52375764293,1071.14012896343,1153.35679157539,1166.93558531653,1105.23717655419,690.782894350957,807.440838134972,1333.06260293043,1080.96783646358,623.683966248417,978.539062833034,2774.45873890376,1436.03395797455,1295.86178996572,1025.83392319823,632.810549525297,1061.05112494722,808.674988486563,2469.83908736182,1495.51001876673,1156.61348628687,928.005756094384,949.563401572528
"batch02_C01",1,5254.97095862525,1559.57149828889,1049.50711434766,951.426815278186,1371.43988728106,841.896887312334,1365.74799536858,2936.90300537746,774.047659159889,1195.34799250053,1386.21489801578,859.221075744973,746.980929564982,963.90672136853,1055.90682066477,773.321261575013,782.274433391229,983.776660068865,1438.79643836673,308.462302636157,1119.90527142904,1227.03078401643,934.57262131146,690.932090902433,688.711676090338,1538.36030395999,670.071011477611,667.055094999691,1234.73817601991,2855.745766763,1420.57449901966,1545.98636121204,1456.87363217822,847.397018672166,2616.83127315935,790.231432330439,669.840868145011,1021.19533444968,1077.65127986986,1148.90791476931,923.297997761383
"batch02_C10",1,1137.33609114502,1033.84545217429,871.070693352858,1354.26092075349,1140.77333418995,1023.99190666244,1341.20161010197,3453.82595154055,554.905542414345,1142.73149534119,1578.86239384443,848.126789872146,781.770331688013,780.588580486597,502.864660718455,708.5944538647,1054.87086534981,502.899027823757,1608.39320628524,1728.78754892295,461.253505238013,1757.86278239214,639.406770901286,780.01796585812,645.994192331013,1474.12064400991,653.879292134844,1042.35940951516,1345.65768116367,2478.11879232002,1074.94185806633,972.448777151056,611.913632341288,964.825743848364,1721.58546507299,675.263789702354,863.191378492061,1303.00878349021,561.762524217368,1030.8822882904,1228.65195497836
"batch02_S01",2,946.353920380587,1282.756463318,893.248457957018,1350.21042240349,897.189518449875,684.615142099527,680.985836066649,3684.35476044302,760.06998452139,831.235944105819,798.380597339304,1035.33496865926,990.447633263611,1312.1899157327,1233.44419914538,773.897814026961,883.708846590595,1573.41525913964,1701.03475635381,965.239913214992,1181.4060280829,1155.98685796341,1040.31833630054,454.342021948954,620.51032634211,1412.58697920867,834.244071476327,609.660888392745,885.967606297338,2737.98952778204,1301.55143603102,1341.99825165163,953.985173834446,758.130047211356,841.736522775316,1139.43969449224,1388.8139759566,1538.11769422294,1426.62853885852,855.862682270347,923.926813892752
"batch02_C03",1,1531.33924449048,1859.78006810205,1181.72462540805,1021.91250584507,1011.56766149709,508.946426210628,877.103261432907,3383.02018284682,633.304856314163,973.434255966489,953.498796635835,698.536312137609,645.688333727364,294.27926958276,1015.86462864964,798.521642988851,1057.23610277154,1915.63868307387,1197.98786799777,640.892503724862,854.451626558385,1070.29602778121,719.230775592555,1088.50709083833,439.497348436472,1326.19022207053,982.506188799036,633.154845328416,909.647140470611,2224.057586365,1310.94022841153,1409.13042107084,1218.63152178482,1067.19723421097,1380.95545951329,1016.12993046602,2901.46361550269,385.898348303594,1703.28676924427,908.340835325494,972.202325623871
"batch02_S05",2,756.502681360411,977.679783057407,884.456007883965,1207.33101262535,739.852448436563,464.658580207378,614.038713444446,3803.03507520084,411.082952008888,733.902084490459,692.316247420311,1200.95829405027,672.839825534082,1476.27009703922,951.953641238911,793.511747703455,828.152230077206,1509.55627582911,1775.10300985408,1225.5497155642,986.01030851835,1144.02371571775,910.137355331408,635.301264052977,658.502863199445,1613.47925532484,1087.3141146517,805.385836749782,898.390202987395,2364.22913052385,1740.77840265242,1489.35507124168,1077.69306395414,840.059993838668,886.170165310845,918.683866945306,2960.98848761455,1768.937889536,1414.83822035556,1036.08542129844,1038.72699340839
"batch02_C07",1,1445.23148626713,716.474166059958,954.093258612384,963.589108467166,1112.51738171762,465.200167922029,1234.22390255378,3049.23466526088,479.365365137009,1292.34652490377,1121.97339839141,1128.94251587422,199.346000357196,313.506801005095,1005.48776035721,756.50978570327,830.934124947228,1195.8334021727,1160.67360783277,1263.29722420687,497.034252998369,1286.65164572634,1105.08867820428,1779.52943516692,446.514296229174,1167.00083623092,1012.34646624245,1042.64213756426,993.064860937921,2308.18780588378,1646.51264324166,950.593889035587,1097.59934440451,933.442672802277,1114.06367636681,644.180862180738,7287.92802520307,589.854793004234,1397.62678078046,910.564939154032,1205.05972316401
"batch02_S06",2,1328.11426967069,883.948177399549,947.965137863371,1139.164518753,875.485927909451,742.28391457332,1065.95495469985,3189.93066476504,977.854513429943,488.62843617205,556.829077159336,1224.54218760624,856.99925570459,1150.97393776129,1205.1357007486,686.658200545062,714.155202391847,1248.69063632735,1152.3253099828,835.403921872763,1058.33877041464,896.001697977763,1137.53073164962,1179.86034793474,351.119094622113,1100.49757620196,867.345960016499,455.189889470167,812.47010160115,2791.27473436025,1031.2355094467,1019.6214231371,1266.41864007493,811.097383763727,492.66446449844,759.700208169086,4438.04390866005,985.191797001992,1140.99896514851,931.991826496262,915.814695824746
"batch02_C08",1,752.438347385671,1580.15384344765,1126.04067731819,643.496652079211,980.339568880234,942.116375731443,1484.55591409897,3679.57533321592,941.802632980958,1038.8831697343,775.722803894345,997.488806722286,768.156182249131,806.352940035047,761.611037677386,502.883747857835,968.691925232127,1223.72389485492,1689.89198686023,1081.29292840893,543.825991342152,868.955472966165,1443.84187585741,1372.14420207857,808.732926955149,1633.05714239309,661.176412973826,668.084140542702,742.826130198626,2841.26034856562,1232.6550234412,1084.90441534072,637.324684467642,916.56295976884,904.696320002388,796.619739241239,5727.28397342625,1023.59545203411,1068.14154845938,1282.30175635787,1094.61981597362
"batch02_C06",1,1114.45283998791,1160.80426790408,1244.18622655425,521.639374323434,1008.17697074662,532.971871736132,808.64018467193,3560.41057123973,698.100522443237,1325.71303126171,669.4963777659,1494.95154255442,618.045285529942,790.748275222849,1053.1558281473,566.057787017561,1123.94075536203,1769.89011224872,951.875649080388,1581.48722248884,548.11207182499,834.667815921106,652.970867323243,905.116001529975,603.859517327117,1448.0773287668,896.398954179518,840.820998644804,607.546097148211,2534.0106080869,1373.19240071043,1392.55329628228,1130.26185736346,1005.11914172126,1041.43589939817,800.507035632882,6135.6136228401,1345.53866574002,1799.86511779821,888.752889922225,1140.2517727127
"batch02_S02",2,518.942072785349,1177.59105828633,1395.01342655153,971.979296478036,646.925536331609,648.30162736042,867.342357867235,4515.66630545535,475.910578031166,949.098912004091,1031.15320773317,1126.43875256693,730.244831303816,1129.50911303147,760.829606708778,983.94297656188,828.056356438403,1792.02783094961,1758.11180509724,750.897866950649,975.370173500033,1220.5246888648,989.382887596649,818.027866014483,467.156491548953,1832.77384366486,927.804514633575,947.083616990147,1029.86261058124,2537.75489621625,1949.80544775675,1358.75146677306,916.213275628885,1031.67304318432,1163.26617885984,574.388294934386,5230.59757882531,1540.64939378513,1527.99207485901,1305.27252218336,818.376862515277
"batch02_S09",2,864.020492520555,1429.48480648046,1120.36871829917,726.944923600452,977.460201932132,1293.8774281875,1180.06231364064,4723.97719042944,696.446280549824,1220.77146381918,539.133830768271,1378.85502779134,1553.97852082656,748.9505229055,1315.37641507049,960.758463394079,442.873241349206,1061.97970181425,1525.76089004345,577.252685987824,1251.39425116647,660.412320923237,1182.39765753357,778.840707707479,773.917468233753,1266.70978175042,1035.54633726326,347.066034268277,743.672720213237,2729.4986447663,1824.4869341722,1099.72026781996,1089.20443535048,965.504160856544,473.658376328534,914.934161483509,5354.04495499473,906.683644437547,1057.88528733339,1393.61150022643,1199.67308044618
"batch02_C02",1,874.481374872335,1776.12513616617,1225.03724415755,514.695694034845,833.017964189369,790.265390130102,1134.88604751789,3553.80307396517,288.261957559505,1277.98099633549,621.970422982007,1242.92566304937,724.6876654479,365.514833569619,973.258967478063,528.85526462036,900.931451566228,1862.18986704371,1322.44719095477,564.657695839588,660.263433334963,610.363092416424,846.73488693586,870.926134068021,580.70834361993,1560.67796104822,983.350438465634,762.651950986563,746.027101002589,2392.31699693199,1603.83034236542,1559.18805360179,1380.72023226574,1110.12402501569,922.047013613286,1059.92840623122,3929.96368177375,897.18610565294,1976.50864033449,1164.50296173991,1198.68884546678
"batch02_S04",2,831.400793068961,1882.07653845519,767.116673046581,1114.5721133192,888.828566838495,794.818913123101,695.951598502424,3643.29930946037,622.668500976035,976.086028225001,1243.9260867264,877.841160037393,992.327395437094,1146.60568007727,1124.85128763806,1075.95879508274,912.169524167519,1638.8608932123,1096.25180103105,848.505105673008,1176.17858980959,1190.73740690755,735.031927929438,707.989479145192,799.26666510145,1806.45651180876,872.166587439816,1075.75491702257,1380.54967409905,1877.90455075389,1116.36846117964,1604.73537404472,1072.88957039458,812.622049820282,1222.81857546516,734.062610113763,848.121500378057,1331.47562404506,1533.41537669628,1291.20648944058,1001.3366754789
"batch02_S08",2,284.168873829216,1569.05430031083,907.33901928124,865.48467622963,970.904911008747,1229.71233221391,1105.87873369948,4885.96272219105,751.720628963905,1003.1587013739,727.48776280943,1094.50402190921,1599.36107940634,1406.08408710968,833.008706098441,785.833974608517,856.003170913459,921.035718563964,1463.17035162463,920.157219660253,787.290273094296,978.436600731953,886.833155242209,869.999978720125,616.8138431535,1808.9664677676,747.607582837792,1071.96813096393,952.005272967906,2335.51679742594,1110.2233136869,1104.10518132267,2101.82696699051,739.419311680348,502.975263392879,473.369547544697,1697.27739230362,1479.16289802984,1025.21131580165,1333.22012815765,1089.72681645778
"batch02_C04",1,1012.33683893669,1296.02645942661,1120.47059001191,821.477612931877,890.559036121613,1055.57619363684,1042.51545659721,3754.7825427238,537.313942415275,1077.88117577438,1375.85649860214,662.327765492524,1278.37636194854,322.098323753049,732.987729769476,856.412533250872,739.866523410939,1583.00876929562,1252.92406078015,419.447873379729,538.142686670283,1218.96078787952,703.162476426187,769.967643886614,739.516737533754,1499.67995439183,694.868095901974,812.289276992315,1150.49847630486,2551.59779913842,1161.17682831414,1326.13703027975,837.045726739086,761.972241823409,1952.2191292514,763.28755792312,1591.76945445755,562.876195137899,1428.85940846736,1210.15755441925,1148.27532855414
"batch02_S10",2,880.690405606014,1189.37798538005,1060.84607298806,916.032481394028,817.968622696007,1015.96204042865,834.036257813913,5451.49066472299,766.94382943248,976.389210363913,834.37118281462,1223.94053702572,1368.405378726,1306.18565638807,860.449891265003,809.244763419182,1110.71938057851,1920.46057143276,1266.81637966101,878.972830076013,1154.4720345011,1063.27576485041,959.489017299756,631.499140876467,885.878736843893,1450.43790835044,964.362774904076,804.008833964278,955.764099055317,3426.20035117037,1039.33930579335,998.669892665624,976.311680181942,318.402474330306,739.763135704492,479.432485318249,3511.82861211653,1951.14677084203,2048.95607395762,1090.15852141916,707.110856661745
"batch02_C09",1,788.150160560854,817.107543534921,1225.14082019234,624.562762154417,1658.2493175422,1466.81398832686,761.558398833975,4073.41867512758,771.027785773353,909.885173957125,871.176550208155,1397.28485265802,815.853649683275,818.462184421998,1026.44099704306,460.072388016849,1535.33320030947,1270.73815876643,1297.67142693393,1396.33414776436,555.676385419807,804.854747090017,1210.52269497701,824.825014465664,632.658600867996,1294.94733091037,765.804403654948,1608.41976695708,956.388917599045,2589.48222347004,1488.47462107563,1025.43235993645,958.125496689839,918.350474349063,736.877944067579,591.69946365027,4781.63076428831,888.294567560916,1336.53702025077,1232.53863338026,1293.11593542699
"batch03_C05",1,432.065045097076,908.8678441358,1241.74117703755,587.634805354212,1400.4326572639,1030.74468409417,991.767812757008,4448.77708297528,432.515606781657,982.492303056596,835.142504049257,2267.47306841608,458.97506680989,1152.39783881816,1320.24649360065,381.992146111033,1312.04908651082,952.037927421963,1554.41737352459,2251.78044911748,132.518444398137,764.047270233548,1435.81105026704,1260.14684933084,507.112315898527,1699.91954404656,1107.29854947259,1344.10911860843,743.985732275768,2398.34766117163,1822.61720029143,1837.66347481225,1465.00447478199,854.000198303966,998.02176740557,750.562744784337,2377.99784044064,1495.0229606202,1065.90867541253,1406.21220804691,1075.63143383987
"batch03_S03",2,946.636861269901,1704.64976120906,1109.15415718463,934.904135640971,775.931190098798,895.105590098451,724.459572359783,4047.23919952939,495.749721153328,980.624446967134,913.498667350306,1659.96194361882,1150.22382888544,1296.78721247372,940.356356133062,860.853468583555,1118.17637351834,1807.89936808795,1249.48036499654,791.325935619975,875.169705840014,1061.7814170511,1256.2027439923,649.51672563346,646.607526116279,1829.65445481594,951.437697388389,920.780315426775,1026.79778357585,2483.35338935361,1545.41401035916,1350.30788436134,1182.86740212746,783.362296514113,709.082894273143,933.260883968687,863.999402216387,1509.37949879799,2051.83288587938,1179.83869317291,1123.34435130984
"batch03_S07",2,732.334735585387,1651.59048737403,755.597604744507,1361.24478381601,883.471017384072,801.51550732097,672.357766143462,3458.18725906547,714.731896818673,1017.88326054112,1100.22110023202,1567.98257865872,1177.80482687349,1322.76317054951,1034.0090529701,990.679411399069,837.940526787365,1444.50525619746,1448.4183720789,837.32891441349,1383.54319587166,1411.86878987165,732.188027477206,687.718393103619,540.004454285149,1547.83230201166,919.909564177229,781.419225832812,1163.22497073287,2399.64161728771,1149.16039384321,1164.00861113424,799.898445832838,787.774886145797,1203.94289047266,1031.60700348721,1431.13092034647,1775.19134287938,1715.69982451673,945.752174883544,941.949488892543
"batch03_C01",1,3145.21458116443,1830.41961170863,1124.27193988811,910.273680020151,1321.80697053692,698.934007134738,1250.97267987974,2621.50387934947,772.18600524562,1260.86545468471,1676.71362243441,615.347108378916,601.362081922615,1048.24858858699,1031.32797012402,676.660675646877,955.947405987317,1390.69169660551,628.070275150966,790.971513545662,1180.00520750831,1312.44391033816,883.706794841143,713.117041574654,651.339693095704,1410.57726499112,838.702147440621,726.22438977597,1510.3591878918,2398.17163085226,927.55533839528,1373.63570692814,1217.31559335493,905.419154047794,2290.7974420339,785.675666955842,1960.34261349464,343.879283440295,1806.11033451621,1098.9400430394,931.700018691287
"batch03_C10",1,1230.20872482128,1309.44486343393,844.221762818869,1886.99303234736,1106.46396555757,929.792980722198,1381.18110343896,3181.05464210879,505.355623339936,1351.7976091117,1616.32452589325,1142.09908099835,827.347108148266,894.978908236936,652.64383610336,856.400561368589,1218.11763840833,813.620241179155,1216.05134492642,1882.64323994108,488.366528415116,1871.63327725158,575.77714810243,876.936750298471,662.32916628728,1418.09195999637,665.307546171998,1112.4215035611,1545.07967261477,2054.04526766091,1194.47464569068,1068.95373623324,573.676770142948,944.789967974764,1555.41034024825,644.063357046364,1984.38742738122,1288.45512356916,910.148852480261,1050.93789789229,1524.68970044174
"batch03_S01",2,520.460531852533,1202.99809807293,759.983180716796,1343.98150217777,966.073148892994,676.32442852429,651.180142358587,4258.21152845803,666.964689493416,956.742372821873,750.800720418378,927.10424270438,931.212873405325,1264.97999204964,1373.68405035052,790.840989338043,1031.1201692642,1803.47054964876,1136.1141776274,907.23604450998,1209.7661951003,1067.46272485182,1375.25498707884,517.805418580972,808.145750191352,1270.6214893388,1105.97462578036,593.716502623187,920.164569837689,2941.92741619734,1180.0732892469,1352.21506192566,965.519447256035,639.588498702571,757.538658756973,1019.43211898757,1728.86938007727,1532.60073517947,1745.76798022798,741.617086158074,948.980727168434
"batch03_C03",1,1288.23955400305,1901.78417376149,988.800399064784,886.566261785307,965.709874728671,700.700795691525,937.302539662012,2941.2187165774,830.638491582671,1453.2020566829,1030.79376315521,914.277091489506,880.052677362198,448.92156984207,1065.9392134398,848.3278895699,1060.11061394059,1726.81490798398,1181.62531109623,548.13700715005,926.493661046553,1067.28033919404,1081.48511096005,976.838661801613,769.982163865539,1259.82203004245,988.526549656594,620.439278150701,913.661640015515,2256.63349768737,1002.94881048658,1170.70798007295,1008.80078089087,972.024524556337,1453.03882438411,1164.09400716771,1603.70236613503,401.337851953966,1988.81553996362,811.07291098998,836.744806659486
"batch03_S05",2,781.279414791913,1159.09889920758,930.519650722659,1012.00215015574,800.111346921924,651.737394535954,708.266010764994,5750.34677223066,457.764654766479,859.595757145846,674.774864625345,1077.61186136759,1015.49433755245,1525.97189880181,894.232741068403,756.348849198929,1061.50114399048,1474.26388459548,1222.50574100067,952.013004805094,957.60741939771,1044.88743343303,1517.45930360862,680.258079368161,525.991310197049,1420.48998383596,920.586580608031,728.790126589131,830.477899768021,2891.56026890549,1242.72956092506,1302.94729915213,1036.89959738333,525.457770097459,688.983517189129,801.420541025961,3268.90506315899,1579.05234194592,1613.68577735252,841.774398777997,1018.15177603887
"batch03_C07",1,1213.08258968274,1101.46217200122,1506.27186786079,725.852867914557,1164.23282869421,1121.80423823813,1015.69298939675,2974.26780866978,836.468557285431,1329.07182989031,1066.63011219013,1047.41741212465,734.887161086656,552.794357797846,936.921189853953,482.070916946892,1515.15936613918,1330.43984892209,835.635316249959,947.37169656614,383.860922290413,1211.00554608242,896.627744120438,1535.11075133671,828.311526338026,1484.73641888247,907.588635544214,954.524582418844,1067.262636439,2289.58702705888,1042.53329345404,1063.97552094489,811.905139615552,894.869317764022,1105.70360752964,628.573369287002,1712.95466707255,598.270700205231,1690.67589168582,1077.18796590471,1231.2029085962
"batch03_S06",2,1039.58671652889,1117.74470301144,1003.44956326731,771.153455864015,872.872611983018,1033.82549988708,793.636794169153,2813.47673236795,785.562692728332,944.419113495741,778.684167583497,622.554963155517,1533.16416608945,1298.00048818641,1153.15956084243,596.151464676972,1084.06165455922,1731.25294160359,1067.87292955061,442.160011122569,1372.3438372013,1033.71237779754,1088.98270542142,1039.60199848872,946.549959032504,1313.67930970992,868.799497601542,429.074916599218,911.45040490203,2598.50617324152,916.705745721035,1004.01179218509,963.405890368146,718.125364593292,783.889558838395,967.499225537514,785.498164904737,1130.70250033572,1515.51088464597,1011.44178081166,783.869246355208
"batch03_C08",1,847.531199768886,1753.62658497763,1544.85017323558,576.066063502537,1092.88833464709,2012.88237310704,1414.43501171514,2601.25713836288,690.269177187774,1512.68048577788,1014.83849247861,1481.9805259286,1249.57746141811,725.96071259502,944.822788037877,567.098563053444,1207.39147033793,1176.74215452914,1085.47079969838,1233.9025661547,609.51685901648,1005.48896252697,962.25278670473,1465.07916206539,715.645133471337,1506.63318453574,747.538356193057,792.829499661373,850.106193664635,2083.01799152676,1375.82258191051,918.951060084073,579.911887596093,1163.88346454273,1201.48257958488,1062.83571234582,2820.20015634948,1219.71187369309,1499.46772953183,1205.53241512671,1103.25337198357
"batch03_C06",1,967.018754939153,2017.9226392649,1214.7234447351,437.351391319104,1102.4309651964,791.723150444326,1013.52383547515,3524.71810778734,439.0051054412,1379.45153572276,695.414363263528,1031.54761233477,784.989435289026,819.657390680573,995.16032353142,605.323919884291,1426.71044356256,1884.1680833402,1050.35762121344,1684.54346694958,461.59813149719,905.059106009381,855.542720683047,862.89279217787,680.605826420304,1722.48169562884,747.152529944699,841.71748261598,627.51571398643,2290.62823927866,1339.5643763804,1295.70577669768,1183.75188720365,1046.96035973428,967.038557608573,726.858414990301,2572.93406609097,1208.19379788021,2005.21080220043,986.737131026775,1390.8979202187
"batch03_S02",2,356.451760647798,1336.60053954021,1226.81633505418,1015.53018112259,790.340780105932,846.995869684463,977.099078622838,4581.38007698277,478.353494166016,1192.17114471373,1016.66031936101,933.546021768467,1078.46943932459,1076.05070696466,933.153208305534,897.493954962026,928.109578256211,1428.69840318268,986.968238628817,1103.52921440465,923.24583264105,1172.86361883989,776.650914904432,781.60916498143,477.938525114305,1963.41913943382,916.61699433253,838.514464223775,1060.08502103242,2585.24539321919,1610.03461817224,1258.59769013453,980.031460663164,851.613646175983,1148.59496890043,673.472024843618,751.853696334979,1352.74564933176,1724.23305726334,1271.49847371906,915.438149824538
"batch03_S09",2,492.378389023007,1275.84848445753,1397.6747576994,806.362928194819,978.109015898422,1106.56508310413,1557.29133055346,4603.17058640233,669.055065571628,895.884489721422,529.770067001793,1005.93942685935,1584.97261691969,1235.33289470739,990.984528331358,802.917300241654,722.985435052576,1101.33146763558,1840.27823807934,907.844055973141,925.72529266258,716.633673755117,1805.4892003385,1052.04259878509,323.022072398026,1754.77670526324,952.980972779634,394.396238202866,717.38141935311,2393.75933124729,2437.06034775544,1169.46435220508,1315.7081055896,887.536411133616,237.008384101992,745.515500350079,2532.10306895968,868.142899280326,1460.81156596046,1606.52112211822,1416.20616653482
"batch03_C02",1,1469.76005217365,1841.16976513657,1678.87553168464,571.66129770986,944.319509768887,1229.96538541609,1213.69590509983,3998.22993959376,271.013641309925,1645.02141828018,655.145291352201,1309.57463410283,1266.13598239047,645.970863262396,837.112641248299,585.503094896321,1126.03564444741,1642.15529263544,1532.10688629232,896.692010913911,524.739289853377,628.32571103207,1513.40823682853,1109.78487017263,609.808254720466,1737.73893053018,805.700951778584,784.575573847106,567.770804401409,2012.4547015544,1587.9689118473,1496.26424608899,1395.57417936174,1095.43150237476,828.347360079189,934.817077225837,1530.66225917145,615.368694569084,1969.78834448228,1179.33013197002,1454.19145339026
"batch03_S04",2,588.433944733978,1807.10229752659,1211.80599567928,1062.54888833092,772.142728255087,893.228572827413,596.11818464685,3779.62839564998,381.379759429481,1103.07609431584,1093.52226837406,841.660689874581,1153.6929928022,954.898596515487,954.957896843829,987.593908888309,736.253635010055,1135.47907552686,1180.13010769675,854.339084754948,1029.66801523997,1270.96091358898,451.248972152431,711.75134503538,595.179000243724,1604.49327008433,801.14333078034,991.184722875519,1150.5955934372,1974.28111727396,1854.95948484423,1316.05220681214,846.741215244085,883.638527916743,1469.93171352464,777.731131335804,2315.88155002451,1278.78411527293,1664.92440872759,1241.98081682724,920.224197121534
"batch03_S08",2,508.352171961469,1643.53614727341,965.371053812506,751.222610990338,740.758197396261,950.309833668001,947.851231986327,3609.95055348856,929.439568385128,809.470505866512,831.975286683962,1138.53046805364,1261.76097038804,1274.44959162304,687.195487102466,787.254984355105,928.550981255992,507.854739457567,1612.17851394791,881.339423754279,959.485731638741,1106.37813682471,507.400957530764,871.516233700017,678.079086978755,1864.09505343549,859.203646783074,1100.26878522994,807.800372164118,2048.82889248483,1809.78249489278,1084.58973216157,1900.46535083358,730.988121849216,925.829636170023,573.750473371155,2440.90476747506,1520.38396162283,1187.27463237065,1405.65561084217,1210.59225359496
"batch03_C04",1,691.217823113951,1119.3671923136,1092.54763049994,883.692562414615,942.419681226118,685.292456203402,1061.90812106897,4081.76124175851,443.731492524723,1371.09507909391,1439.23329030277,432.047495319585,846.62011805052,350.345087056616,871.563238198497,906.460920190593,984.424443404254,1374.26459613901,1665.91915603729,306.73961995001,504.993582649871,1345.73177912548,838.976062114497,806.932465731809,369.660577325838,1502.56393262759,695.489872032481,848.383254364058,1211.02782622051,2321.32366824127,1182.94824326881,1250.82513315047,792.458727598695,801.810149932364,1872.20762852808,590.057927043666,5918.2529205829,377.767408859647,1951.30722123984,1214.82739774178,1173.53072738309
"batch03_S10",2,592.775274190524,1175.10848868017,1085.9691016032,823.915838113955,678.026183820847,1059.57859598949,1082.42915706603,5342.03790232246,668.936626924108,800.279625830439,731.527222507034,966.17274982023,1144.56408931872,759.204765434505,880.667819668275,663.44203693471,950.306730073008,1333.87917116793,1332.97814216497,1044.43435789073,1036.70889839971,1029.94213505604,715.263331541178,671.880975604396,441.160107525327,2479.52651435449,970.156822694623,823.340253697419,994.973554402666,2624.1056510853,1972.81891814097,1212.65886226224,1609.45509640945,878.199278332356,738.775960815989,445.835710060344,3403.42636982095,1656.25413602093,1994.51685761325,1700.55297379334,1031.00057149521
"batch03_C09",1,895.439896386338,1082.84025388097,1515.35879511458,633.679661879523,1542.13264546762,1064.55433119829,831.483733871121,3756.89178196026,561.617404716564,965.407745808128,787.207065496219,632.300618789748,614.558950220416,667.823878418803,751.768649014479,515.258506687512,1532.42455298282,861.102517712708,1253.29909524964,1695.67454775222,567.673991797486,827.993080547076,901.826284580615,857.056381592623,604.466550721608,1348.15929808428,1124.98227586187,1707.17222911314,846.183182890011,2252.74231251098,1432.36160116212,1057.54262796258,928.679427528122,988.101673270218,745.174252347879,570.73078226218,5040.5622480144,946.430934869103,1209.72660214991,1195.49849138264,1256.27823385626
"batch04_C05",1,556.359086263139,835.119640621997,1370.57138904376,625.385262880686,1441.56900378936,814.494234180801,876.149179113814,4137.73897749055,327.705424015117,746.198673779313,874.380906084194,1981.40782819255,483.879873003987,1248.34360371764,1352.74268299037,427.630620497829,1315.94715799496,937.261986933885,1430.26983171519,2246.60802362884,242.236891597167,806.466568146911,1455.97679171339,1316.07355581489,625.089147760201,1771.24115044983,1024.2608503429,1477.35979715659,825.250636014169,2125.56255676775,1917.85270324319,1707.08116384607,1542.73920104046,878.96634151251,1179.5449955972,760.067717227831,1550.48249482643,1482.76379827104,1242.49598144953,1374.16408297659,1023.06358748093
"batch04_S03",2,603.394492876183,721.422445354184,1089.29759086066,889.222382443104,856.156023122952,917.400409852275,644.943683533817,3993.42288084646,520.740296728649,1005.86798037243,766.890019515372,1050.52138072587,936.79112637304,1271.07432019507,995.261419516973,916.351329638204,773.017722113214,1411.0259893815,1319.77504695905,844.848960105263,809.295768726165,791.414443566718,624.977707473902,606.542240392589,665.934098006091,1285.32633657764,1169.86769971311,1052.57192462995,1018.61754437333,2486.64464236915,1176.49064612338,1384.19991354862,1251.84199470515,893.643409545494,597.436377148023,921.677703343024,2999.04908533334,1433.37204677976,1728.64958797661,1304.82860657495,1109.90065223896
"batch04_S07",2,1134.66699820693,2037.03253492868,900.428419355829,1173.08528597344,872.857960688438,813.694929346997,665.834696018053,4060.7759735117,806.533692465767,879.851664283497,1043.1706438549,1035.42437121427,1322.47564947128,1283.25387266729,816.668228999936,1045.01553577663,870.152543253111,1464.11541367612,821.423994285165,980.445691758392,963.79828382041,1321.48028333537,1211.4059318365,695.102509068025,690.157891949211,1349.14026068687,1100.1549998221,745.742611156678,1109.29295010033,2596.06675112978,1071.86877193033,1195.07299869188,772.095612094629,451.21639764771,896.410711162839,852.12783554615,2177.83312091525,1401.04192675426,1545.92501359247,889.2354261255,766.202908311038
"batch04_C01",1,2141.656461832,1521.68561698059,1155.31176271482,1161.46290863552,1515.77977446917,782.053772999235,1263.51217341347,2767.35467702579,653.521045499366,1157.26206893494,1394.7628052897,549.806972387159,764.889891514956,899.191013793484,1111.39348253648,622.479944533585,916.541588751096,1213.62106567037,1254.6894664717,817.314319304002,1231.31187427956,1083.22443159408,805.804070135256,813.986851557541,569.078285259989,1286.7075443493,804.773464383056,733.921710614035,1415.97574451218,2402.26883854887,788.147189575799,1555.14656449117,1356.61937318649,919.430134306914,2295.68207358296,637.038845819795,5860.74798216223,307.072850321938,1291.73772760772,1034.74773467624,1002.66701856484
"batch04_S01",2,674.535719609673,1087.06197844629,917.338006300556,1298.57162862195,739.32882540091,616.663446059386,652.538675635112,3571.10545076161,500.996642908216,770.797901247509,782.771325377278,1032.37601463506,423.494714535416,1468.46398890597,1407.95430247103,826.035229022898,862.949797084251,1607.53484287947,1009.7445676704,834.745018624326,1562.96207676808,1178.39244430934,533.248850554475,548.596446555722,530.586222404517,1303.00687433366,870.299698008784,601.941727311354,997.997175310312,2817.01521123159,1102.11731978153,1217.69636114869,939.686919093705,634.574035226924,1001.53460199537,1120.6786356866,4438.07195948086,1839.06868620819,1554.06101098669,768.635068099901,831.523397391868
"batch04_S05",2,678.309253422388,857.879696290757,967.537649955764,1364.46355400777,807.20688332106,653.537071540042,724.436404403025,3889.40434582646,579.542373315881,883.780817576167,656.985394153263,634.086328292667,785.871527444388,1328.22562930537,1051.41759115229,773.400188150631,676.352983219025,1152.22701296653,1335.99464116393,1151.26898337307,988.007314729581,1021.2747511409,1096.76213938021,681.912959136667,749.951020785308,1451.10304558825,1084.08002176432,809.047404993287,834.352373869934,2177.14446856292,2012.99904216436,1170.29274096577,1039.29030836705,902.211892303559,871.831837726784,969.986138716996,3248.80040410742,1834.33068607702,1724.60466034956,1040.55703827717,1059.58071798127
"batch04_C07",1,1094.03649281345,1315.65935013077,1207.884976951,694.269908919854,1105.58182409759,598.390673813132,1082.51848966859,3393.79583715357,459.302342906305,1803.55189053116,1081.03030420034,1112.28211713499,419.801164230976,706.168787155597,934.165820977943,347.189510400512,1427.86277033502,1507.25542535654,1099.49585697041,1093.92693405628,537.058763941155,1199.96444123805,1476.37303962951,1514.69486751489,497.541019515281,1472.88104054056,908.831530095942,942.342313215896,892.291724416866,2132.1875504001,1290.28284618467,1057.85300517819,933.254652970556,1044.79552134281,1059.34483726173,612.475725472445,3077.34420838158,720.789063876821,1656.07126865186,1051.04220102025,1111.20888919999
"batch04_S06",2,889.692094947588,646.342635370591,1041.65037566373,1107.55251149403,725.774044249946,757.156636000812,1016.3921250177,3381.30644450303,808.48373837076,362.797934172414,546.190031250592,907.664347473976,856.092592173747,1278.95719808128,1093.85247301792,683.424540442476,689.490195947038,1234.45299308791,956.303808099683,613.595594945964,1175.67932818691,875.82781079829,1101.08455861249,1224.07527572385,367.389454988819,1153.23447194828,1077.89361941163,437.29288741006,805.454571136406,2532.63718201217,1091.27518288778,1216.64331599295,1193.67508140201,842.350792431973,549.406691178544,738.887435759499,6926.00767453772,1126.34458744739,1490.52947975845,887.220156095946,775.600025915329
"batch04_C08",1,299.757241599433,1093.95250098298,951.41309085765,884.900025873793,1376.38495715369,1242.8368779236,1436.58053210504,5846.56302315553,1035.1614750245,1130.8517315199,763.124681897212,1388.84341720115,1635.88418776163,1237.58956825695,758.884677193667,530.435426211117,1284.88463978306,958.523197971728,1021.28157308093,1424.14553500702,485.972474207442,815.582768857303,1199.75981145602,1912.49998568894,1154.91260527405,926.921807347099,1110.71864422553,751.86632289639,723.598152363713,3954.16492418356,865.857092361376,3228.24639018229,563.70825874016,392.676144875565,615.306442551298,689.887646151113,7283.38788449458,1121.2725307285,1255.31123435498,783.616647608354,1058.50048226328
"batch04_C06",1,1051.92211982119,1147.89625371139,1158.401067432,482.473974299342,1059.28594517351,595.898569850563,901.498387347365,3816.17251900646,490.688744882068,1343.70281459225,696.283081979646,1128.67352729087,641.802962010954,1062.58021479822,873.850666931046,417.215543590962,1316.4623603308,1455.62238372138,885.697193984297,1577.71044406541,524.815160111581,894.790214622594,615.388331897317,911.911101532315,541.01369484164,1475.05781773415,889.853924728324,793.533044939926,616.249126342431,2467.75869794098,897.750966761851,1068.4704230146,1034.41949473863,757.270376074452,1013.83181595063,796.665473015927,4883.41523244986,1398.03562666551,1814.14300990442,875.810237282035,1112.72809292052
"batch04_S02",2,990.761120179852,798.43455125343,1107.71944665379,1346.87951791767,819.006978779616,860.959602808354,949.233461580692,4317.14398891267,612.269128571179,1107.35371165416,989.335969526337,1209.72172716763,1122.26429359019,1444.61632744331,846.649316684768,884.617898230098,797.933953079503,1407.95653540727,1297.39237615139,1048.87939871826,956.541481866267,1065.90611353207,989.433796005643,990.782326344101,703.708904151634,1411.63142245589,974.728601091915,860.499141862665,973.41831912134,2460.10552206738,1130.69951070357,1228.7121584172,892.969736242291,691.597083395089,1130.21579218754,566.951911277158,1371.15816215455,1424.77827651077,1715.2193648078,1151.76418299273,1339.97903229091
"batch04_S09",2,599.410765764415,1540.46577369194,947.342079467339,716.813991783327,918.563930014055,929.454363135256,1306.62212602519,3074.59875100201,750.064654681574,928.887256553321,697.353758406279,1224.08914638593,1319.62269301615,1181.41541337982,978.751392068243,922.359535544477,681.705068860779,1311.15726362045,620.162576490452,558.853502635532,1559.92160680914,805.772964486095,1260.02606853446,791.571680100173,688.978440074992,1510.7091799773,1062.95936531124,368.549392916838,887.229257482748,2387.58633726323,1553.86899402896,936.053246526459,953.474515172698,758.853414922291,550.891927658124,1115.89900442362,2892.2004089409,950.234042615049,1183.62712688058,1424.89048635813,1105.28281056188
"batch04_C02",1,1734.94691403564,2781.47345520172,1153.99377552018,565.003232186983,896.019370787889,685.892701548706,929.726411686971,3535.07964316117,363.119416560693,1259.28997156016,804.417737945263,695.095915501738,879.259420276134,724.468943470876,849.707010639578,622.492160339636,987.445512987716,1659.70089392584,1100.41527627859,705.400693629752,710.252753720528,719.453377945745,805.940027325971,905.491259559792,628.730854128867,1374.15816422169,766.054448758189,773.089847015903,607.848228133428,2472.42443046548,977.692338720419,1285.97346471671,1148.35598776558,931.370445231012,923.967818997936,1239.07705409403,2582.31563321105,678.34948063832,1901.73117966863,966.624623974334,1343.26599964937
"batch04_S08",2,370.086400494898,1607.39762957228,976.155604598514,795.998170028525,803.979162016962,898.361834656758,816.431759422754,3582.07648965502,740.524272786533,737.808348050008,865.798575193422,1025.50160472621,1207.41164547258,1371.41105932483,860.592802941875,847.808867416948,801.156355443881,759.19273254936,1225.60612434485,930.395189685311,1040.96164145766,1100.20571193485,346.260664530418,721.869437987671,564.000271615968,1474.80790979935,1019.61491589611,1078.74991983637,780.071550035235,2840.9605725225,1348.03247755101,860.714085057227,1714.83933877202,705.137062557596,643.988005077736,634.932011131915,2773.00601103181,1554.26233205317,1098.3784976441,1267.00785998116,931.972613489294
"batch04_C04",1,1150.55899101227,1579.48109000121,1144.29036400675,848.209368449067,835.886057211768,819.949182913198,969.394322238038,3481.38426622317,484.531966019637,713.374269079312,1573.2109506377,631.834089194651,1032.31961918906,474.945607144552,951.514292715546,959.767444158353,877.628067226701,1634.22132261364,1026.60189476552,481.043413536706,572.464664892527,1337.74778880366,513.501318462877,772.018524992068,423.830705411296,1331.5189909749,837.310457670031,845.485453169637,1098.74364548484,2290.85318241179,974.720942193684,1207.2979269342,716.614742060961,877.990982810052,2238.84805858347,807.06930612382,4661.89928246725,631.50713473766,1572.12457072166,1253.70427745136,1284.51735861371
"batch04_S10",2,1044.4178970318,959.993366860812,569.576468963196,1299.51946974675,935.669665410462,600.169238759453,1012.23148528396,4948.83038411915,1107.90559692567,836.492490442873,745.516943750401,1193.51571301381,821.338849217296,1246.47423463237,1224.28995163179,851.382900897946,728.333370419718,1292.91355155798,1259.06517580518,1058.22818728987,1177.24039652181,984.245909860886,991.459024123014,616.148580281506,499.773825389653,1539.71800629567,1038.25290759828,825.753246280739,847.484743459782,3351.48467551888,2168.5951006961,1069.43765904269,1409.35500727806,608.606214106284,680.097287236723,613.953688864877,3383.68527460375,1417.7233493415,1693.15893572716,1359.00611468019,766.032568508391
"batch05_S03",2,1001.94717076019,1664.22012248885,705.931424410728,1014.8369491252,631.940536758407,753.347064538418,605.891486235134,3360.86018477207,578.086004705665,924.79483251646,895.983103275581,861.837413500222,1005.55442488178,1138.80874220395,1140.20352632945,988.625630976444,1214.18827256935,1588.85103514141,1030.50409360584,915.26706623682,891.861288624829,1036.03764783949,1150.49584130808,546.086996475037,186.615160694631,1034.00298498292,755.740762032076,892.217090568877,945.351361054086,2667.80233882254,808.470588314875,1045.60657392896,1146.13017779197,630.48633815936,794.049238459608,799.059138366424,2714.30151023795,1367.18221741268,1958.80429263069,791.499664286057,976.617384423929
"batch05_S07",2,657.788833017628,3041.96737035648,663.168038089553,1684.51700520295,736.100727530603,968.482516972203,736.988398679096,2630.82238075463,746.157222067348,985.52509793828,1035.24285852653,757.945348091972,1539.02235744936,1690.99051265185,1025.86860141632,1370.91287921521,1021.1674395347,1406.91577947359,1024.87050605421,1193.74119317388,1159.08205089501,1399.49661464851,1489.24648120743,772.363583310872,174.427523081192,1133.63563961703,966.40198908234,809.068163184952,1189.30288625643,2443.99198895716,1145.26661752219,1206.38979586818,889.000203462671,691.634782359882,936.790322771937,958.858781545376,1044.18412555726,1568.85390404483,1514.02928042823,825.161740440818,822.577626561674
"batch05_C01",1,3867.97156767959,2477.34415094367,881.259213548946,917.222394771125,1066.21136566208,851.831262656099,1199.04278028404,1853.28440088899,623.66645248639,951.872029271889,1778.89168690425,600.672329837837,724.303474883917,276.788002381068,1062.24941244089,875.634180529015,1087.97278523212,1343.10929547029,890.480046480565,991.137273088654,1152.66026789343,1340.04862589833,835.962163729337,685.709303824552,162.998469241603,1047.00560955413,843.526509821349,725.374469609011,1472.14047656371,2753.59119295246,549.669741815905,1249.49629175057,1346.03357800901,907.949151385266,2232.48918860714,816.997029850414,4152.67469873581,269.473683929278,1507.12854940492,911.3188764043,848.843940786703
"batch05_C10",1,1470.61235591274,1626.71863133162,782.703466025335,1250.0260789988,855.664335143421,1316.56578564852,1168.7582752483,2237.97964357016,658.479605093988,901.82638113489,1934.72892945691,637.821180715399,1160.23627755637,924.316500839224,630.182342788633,994.279698447404,1255.97294376927,789.782230527891,718.073457938661,1844.46426181223,422.768093188734,1884.00828007318,1308.43565603085,677.727360499675,167.134481270271,1021.08964587301,767.830250997782,1039.68994370436,1609.58768431246,2475.73614317799,781.0176340095,841.620863564894,471.389872602677,628.424354047467,2328.27279851519,771.006523542453,704.442600748777,1173.7882535834,785.524248282012,808.871194874217,1015.90172524616
"batch05_S01",2,1272.87776653806,1261.90221180651,691.944160106625,1420.7812005814,853.03879183057,945.229023902456,626.857215382846,2901.29011160819,520.942744461441,573.980468034118,831.898506594267,947.237204342651,1156.19560722549,1345.69626520017,1480.42196726846,1097.97261387182,753.823781939722,1581.61239691249,1253.82123361302,527.120552306145,1170.72904276224,1281.8091370781,730.248799117548,429.261285299622,137.663470351336,1254.24103209655,890.949081160836,595.086421977879,958.435143157658,2317.67417622299,1051.20771328813,1096.17921793591,936.139715439827,654.038793234244,892.779652234133,1358.21548450996,4743.73106858574,1365.23580795428,1337.56163952265,931.77820442028,966.506674607763
"batch05_C03",1,3031.24289847323,2215.94185855398,1004.88770348813,965.134370065849,725.963420591176,675.023455035155,997.78830284064,1901.91710968722,713.365571272325,437.983484193792,1143.96336885135,909.704796497727,804.469791019862,490.277123956773,950.401132219061,1135.10495474002,1347.18602415459,1831.52342075984,1072.55554075966,840.116659391104,945.646412259857,1143.25943674056,1391.57659744136,1052.20816401821,157.882289502066,1145.02470868073,701.978228487507,698.795117589328,969.78311189117,1966.20267716554,1611.9408555343,1322.28337482391,1181.8492568029,1059.16437484862,1791.64861788576,1216.87128503924,2078.54495200412,537.611986594468,1585.16103698732,935.9938521115,1111.01097859761
"batch05_C07",1,2447.76716412862,1916.94290331752,1188.01863535043,1005.59581181449,884.764929432685,999.491200075656,1245.91273089267,1894.09116519324,304.070180490965,1892.96274933336,1104.74952171238,842.102683197073,694.285484369375,682.194794511945,1143.10036477449,992.866689330187,2030.95155817683,1746.70934410026,727.634269665135,1503.85331418619,519.591088794815,1196.71864560224,1752.37973170967,1934.68405025833,74.2156739382171,963.941612806721,598.458291479558,1113.42943707139,1050.5762654203,1601.57747725269,2028.36006048785,994.444669795271,807.471994847615,1349.80433190923,1150.36709750646,643.530566444748,1759.16149336138,571.647879354323,1453.86285640183,888.642715438973,1282.38985599638
"batch05_C06",1,2409.95624409347,2258.92071241642,901.251918260231,667.857085122637,863.483306130894,572.630705761097,858.164320805812,2681.87424713253,338.569520718427,1056.28450767114,702.49398170001,1074.74742363938,407.606472078688,939.834440373063,1079.19582547294,506.716708153429,1451.29172616107,1811.67263555134,1041.74550971821,1589.39731592524,544.312943687768,884.760224240102,644.564568567083,902.258005296342,180.639059441858,977.639999950596,714.209838986514,849.590109872434,498.264547570826,2447.85110004881,940.484924262787,1087.53827269073,1010.22606433205,923.888760679578,1344.86679644676,908.278744887357,1330.70480467505,1273.93392921726,1588.12806448139,616.813655924322,1244.89286737776
"batch05_C02",1,2421.07853405397,2327.72232415128,753.784330602488,523.482726257698,918.029489023825,764.263831301739,958.807799991766,2643.8360098843,466.815511023184,1165.93588886146,872.5281212229,640.024857681402,1007.30822207998,513.444289337806,754.674377872129,590.450213220922,908.478233870206,1416.37431066144,840.596193088133,933.229626027066,590.672141483217,731.303696610506,1382.10216956921,832.898504989378,169.259592960011,1075.68057077868,558.661168690908,746.936684503115,687.985101634415,1834.70326282022,1140.16418230675,1061.69778281549,1130.95027314125,831.498306620369,1241.74151459487,1356.53488111067,446.368290665865,781.824912523981,1613.25684175044,791.705767665141,1212.36673987003
"batch05_S04",2,1184.64959248778,1407.07089281437,1025.75807456726,1442.22041661946,743.892377496891,1797.91637435937,676.283329353496,2263.81663505151,340.428730096845,953.815617679727,1207.36128716002,1416.17665054818,1694.24109517288,1029.88693808869,1074.75986313936,1385.74496234424,934.496522978458,1725.42600196037,617.326026630132,780.485228447201,1049.17676241828,1229.80138706545,1086.40089136104,987.220731871893,132.030770810183,1015.8442410806,487.208901207486,1099.7558449159,1134.14167201092,1658.1355337977,1141.1182224719,1211.83966947125,914.736513021556,866.278005186468,1200.71645135374,790.543146198474,1047.1939799763,1301.35717185109,1653.82578565242,885.107268398979,1247.97351902789
"batch05_S08",2,495.154773589832,2078.23871454199,852.270332966978,1062.09103571955,848.350479381837,623.626540750394,971.092994501976,2926.3048610966,539.43776040478,1072.63650928627,843.958773000535,981.735301019666,1023.55292661229,1332.57235553629,844.60400742696,1014.94745126231,998.616666987439,855.904285752349,817.937673134955,1225.21846471474,860.380685068913,1034.72133638036,1048.42114584376,867.128921214059,181.140585864279,1101.43750183392,641.643683183441,1144.5212925617,815.740666576369,2014.22150201006,1031.26985413917,956.016316853642,1839.38438565781,614.063052607337,624.974627744199,499.089659398126,915.998817263595,1500.71325782587,731.974585473796,931.106039752393,1165.28372196287
"batch05_C04",1,1728.65105331484,1580.58221434254,1188.52232167188,1146.43152049436,630.959868238482,1024.8337844441,947.697757069157,3317.41036330967,446.542656066104,750.501762538599,1284.91459316918,403.535835056954,1245.78302809635,288.994030449616,751.939390984832,1087.15488506231,810.967992487929,1606.59352985961,1169.50652124029,418.156494305397,238.272574179762,1134.57949979012,839.683349538054,847.094313901078,142.49432888768,1001.17082555568,484.861005186973,858.797830349078,1063.37807430846,2161.99672952611,977.354770224013,1408.69350645479,810.329316695522,848.692830524565,1579.78178671035,668.163749993897,4377.78662668226,676.597569800017,1601.66271721731,915.936799722809,1124.60643069502
"batch06_S03",2,1293.12150741771,1088.38896755842,1036.70524247121,856.231647465656,710.325147134035,1671.97642566565,699.686096549817,2234.79159565259,283.494521411675,962.205208859504,908.76464004329,857.275969852997,2238.39238725031,1341.25789042804,1028.63945386443,1103.81488339078,1058.09682001755,1665.30278178439,659.070416610687,668.176586008772,1086.93835717581,1078.81045049534,668.43616024067,452.447301187595,69.8645671408779,1119.44995449273,782.694913253536,899.566223295628,832.920199272708,1804.63015411355,954.772207419652,991.757835902358,1124.57544173918,768.532711952696,864.710204041441,1292.52498270203,1817.31900422829,1739.35174118545,1465.59098284099,915.692186144596,1172.43446778913
"batch06_C10",1,1625.35594616458,959.567142175294,881.611947521415,899.773697638332,1058.52144850207,1178.55034347159,1186.28888095638,2047.04698189034,349.722733224257,817.653455231716,1997.34176829303,1100.46445106874,1065.39959588948,801.82408613583,657.983549374712,1135.10253988807,813.074200760291,1439.09647581901,900.365956293247,1185.00870246912,561.764414695227,2140.94920440047,450.175627917981,466.439548104612,148.552173877444,1647.84179941678,959.804007857043,1096.95104529746,1498.88200910176,1766.99630129924,1109.11952558536,765.488738747791,629.165518736196,731.436435027189,1830.40882956464,1102.44106871441,2230.05645796332,1140.50300299426,321.538295873645,1299.69002132474,1170.97929466437
"batch06_S01",2,1934.00358692795,1719.00628879647,829.108455176179,1645.9065864478,674.374451021476,638.846868216554,647.884566149233,2696.89103153341,297.229953268954,891.279792864125,714.129952661204,742.36026839519,842.456585433481,1615.59647095089,1636.35475136171,801.982554547045,1155.99766985394,1337.95513919952,1369.85134646704,1309.60063919643,923.95972144086,1011.05272962955,768.998406628882,573.78906691768,158.203984757479,872.134457380233,1064.41778891321,663.169773230368,835.307023028329,1944.55503633278,945.772163325418,1526.15349096229,936.445535733145,643.236968382898,592.120752030222,1254.91906441729,2213.19213821042,1663.05085692789,1272.22378268468,626.443588984058,1019.31954177089
"batch06_C03",1,2048.6004182261,3068.71096248303,971.581659269465,1407.18882886436,844.278886955718,450.88852867457,767.551565014056,2018.75060275205,578.561804514069,1018.9493420187,1131.9667647456,1037.74004837747,655.394775582822,493.037204552463,1308.64112830966,1030.90058628353,1428.65066486603,1833.78200179229,775.573250625615,921.583181232953,824.149088937939,1054.09764291241,824.673389955683,1261.02564404208,114.753378987498,724.214125696296,671.547629221388,680.938094547591,722.330359188762,1971.03929289638,438.427867273745,1064.76857778459,787.706322755204,823.353660559496,1532.55159639433,1233.04794378712,1963.51206555018,500.049410153238,1859.1775134998,553.399652357267,947.304335667076
"batch06_S05",2,1163.49499336284,1256.26307939736,1064.25799912134,1502.71006968738,542.815200589963,745.50114476149,666.19564263923,2210.24530959595,270.924782701555,976.192403435581,795.686308974724,666.970926644313,964.217164284704,1843.35498877614,1236.68666941251,1044.02326432992,1161.47828125319,1716.52097855914,1214.66622371798,1466.96637489424,1028.08599935498,1196.05852431442,1090.28643504697,788.910022946209,65.8471178480345,915.07472340584,833.002317304357,921.720312086805,920.323616079862,1625.63304712994,1205.33746598644,1110.43506772307,806.3655075382,789.205527101155,666.711609949933,1030.62345003749,2487.43905620175,1642.65969877194,1616.85759391416,672.863704294708,945.661695517701
"batch06_C07",1,1228.00393904218,1263.97447797374,924.405764763389,862.902120806088,929.908987591732,627.455680518813,870.504550248456,1819.92620705965,415.946777502235,1135.24431183994,1228.41354856862,922.406405110011,1007.40026391104,504.87034667262,1130.35998809938,745.556092772509,1245.31700213979,1357.33439872942,955.512653022122,1187.0633688723,527.661288306342,1210.51747691856,627.836883376351,1538.84148067069,157.552561123385,830.487909146538,835.744587058403,942.930858036652,992.803245688027,2107.33482612959,789.164233438244,820.521149818682,648.944164398086,889.908577777597,1358.80894321798,807.619483093735,2595.30367413513,650.337773508711,1526.45506014216,674.087073655621,920.303468305139
"batch06_S06",2,1130.11391600907,1362.39822409517,854.681959890556,1437.32589270591,859.509924042645,1457.17769311651,917.827950506012,1632.8431196111,737.775596571487,782.097025913651,728.210565680773,1053.64052236423,1583.0575077595,1299.62040216705,1302.08521879891,972.417060347577,985.668769287752,1486.53977244056,788.41069376426,480.924824183196,1261.15780067327,950.09461590601,959.388606281966,1270.90877388118,145.826556412447,801.3369801963,908.393785512774,501.447165982404,721.331462896746,1755.25583384329,856.908458063728,1023.04841154154,1122.85869159462,908.524299237906,491.325806432956,946.263712661482,2646.77487616655,1122.13106499781,1753.98422035359,706.566058629481,1059.42083645322
"batch06_C08",1,1182.55262625073,1960.09263786453,965.0043867802,704.767220217369,865.350231155267,923.264793324362,1213.82290319155,1643.28042903707,394.972851778271,985.185471958743,1122.91810258698,1054.50814948231,821.893440070443,1044.54987933028,808.762097894095,636.322979190279,1381.16013954272,1127.67018121045,826.729747378973,1252.7166495216,664.555285302704,1034.94984698799,822.842911040292,1327.70134589587,148.336632041855,992.5003972015,726.199584561901,733.384242786635,702.136406425051,1897.86256445696,802.815190243175,701.734830452213,551.529074690483,775.520324772282,1296.45798929984,1143.88921395776,3003.52023166144,1237.96072637462,1091.23245276272,729.039997612215,927.683033067583
"batch06_C06",1,863.51568799811,1163.95984066243,1023.62064248248,340.642364547465,924.058433894943,883.145502229411,573.30751279737,1814.78303786531,460.466575070316,587.558607824316,937.093106498004,742.583056230195,786.544182220148,769.213743969175,1052.2709879114,529.793433961151,971.56914113755,1524.05324950814,871.23066068399,810.732229402111,590.567029931389,997.08431220207,539.817391785348,538.991640245327,187.555604459764,1657.91384572246,964.772672994452,766.585739271832,754.017302151732,1907.44068910159,717.082957600406,774.186778322397,1115.8228810074,777.819716039624,1463.70017922571,1435.6693974784,2903.91804523888,1183.16838585641,1641.12601166263,1021.91476868911,884.734711731328
"batch06_S02",2,1026.75945972117,1273.84007613498,884.713705601944,687.584402459733,623.23323864483,769.550931268113,662.901461154445,2976.24460690727,442.050915369176,550.659469907106,1366.13813616259,1311.34765845537,966.131400248032,933.882908856809,909.238142613326,1075.65273513927,677.129523838401,1214.4094704189,1038.81054752669,634.961886010484,1037.62165814878,1347.75284311268,849.564373280012,552.552949160254,182.194670830906,1987.2053217767,667.122429333207,780.511735535802,1055.15465235179,2315.98164394614,885.622557491496,794.73322607367,986.228182818006,569.772203128806,1595.31043183899,1006.56131295349,2566.74168722439,1392.64100356583,1394.2682723449,1448.60520357045,933.823747986718
"batch06_C02",1,1408.03879342109,1708.06398657192,866.398276004594,446.842493822148,689.795918487565,1227.06307299341,903.945815483245,1990.51608940104,219.307911436986,632.838774580186,917.410736602179,605.093229492202,1482.13711738191,557.770745303253,740.57320670122,621.816603860203,1005.91982620221,1832.71117647551,722.797717632826,636.675385881197,754.847500357278,783.303121908933,566.764264768328,861.95809723327,67.3507523616533,1199.46264737001,744.530574593304,761.033252207658,685.34172988763,2264.89659280794,921.866659420976,1010.93825673807,1137.68697894303,824.77382451317,1514.10408254478,1433.03627700598,1878.59170099432,762.643742818628,1854.64405050559,886.04658459106,1218.81263227477
"batch06_S04",2,938.041277451668,1485.78396515772,1111.27561252625,1554.9338394621,646.671398575467,889.478405601814,597.694698488049,2635.84874995788,292.53543784615,974.253442464248,1219.19368666047,1102.83598903174,1125.5984239523,915.856071530543,1170.3479268943,1508.55150520879,721.638003069289,1426.04252370193,1446.6215917049,1060.34115635065,1117.31337248589,1143.71343525337,566.754089559793,871.827813036583,64.6229811645123,1128.38577371413,727.034486064225,1224.68168088195,1300.30286893248,1918.18828295823,1302.78036348972,1024.68349907118,1213.6210313513,785.25107801083,1125.37338777527,798.995843315587,3234.77449663397,1224.66500231043,1575.35772098269,1091.16700020624,981.987340390566
"batch06_S08",2,261.76082095043,962.097604813163,645.141389532936,292.34719626066,552.779590121034,752.715208165625,473.727302647559,2416.88898577904,433.287880046878,132.076121022973,980.763063878046,621.880789459352,1008.69998623332,987.838608520073,876.29860807287,1212.34847200985,362.804093256081,555.38545988545,915.622207695683,886.216519088535,1062.68669136883,1186.87900091199,947.738190914807,741.218648592642,135.502531818689,3031.04867018575,942.357362458854,910.682173149318,1152.84621054991,2158.67589868289,1105.41901830777,847.773196268383,2059.81174594627,230.233325568767,1058.06710559831,1243.5620779458,2764.07807675422,1242.16662428081,472.958012754353,2577.8371730676,1220.89578635663
"batch06_C04",1,1132.00935767696,2755.32432582233,1064.35630029376,1472.49200990903,670.125051867488,613.575193081459,825.042402693169,2247.84319863295,392.007232759736,752.62405489762,1406.64024343462,1143.3611755096,870.692682076663,420.442437909298,734.112899108001,1116.13928586789,1326.90922293809,1594.60608612087,839.311273651106,513.548498601833,343.645367621856,1031.51367774812,982.624096282606,1119.77794377641,173.553769424722,850.790866294523,774.554855833466,948.526343472453,1215.58810392342,2377.13901982603,760.669997764712,1188.39430107586,733.829514978414,656.986855233781,1672.06187139768,610.53452537147,2743.50644375007,506.031226716216,2160.47540731261,793.457335858109,1103.00212117762
"batch06_C09",1,1415.16491521904,1283.43933873834,1284.77047201122,768.116774472105,1552.34627775213,1196.9538928707,560.473761926857,1878.86315374732,302.081692856945,731.602982719838,1085.6622933132,1054.6343661586,734.590983783674,837.414371041747,763.295955043815,325.872455345024,1822.74855503518,1018.89260144581,1310.29760032226,1582.7019626922,721.191221523777,894.166939709314,1303.69153510769,909.579595047846,170.155511222404,1085.42607844616,830.50042063508,2071.10685153834,1197.25151358185,1666.95923744048,1399.12598805993,654.769980161345,1019.88054584262,861.280671306875,937.527283769527,758.824642796978,2301.53324462536,988.487637922223,1097.55425359526,1151.45897237819,1230.99489888524
"batch07_C05",1,654.040650135755,972.087944956679,1090.64398280702,1272.08418175777,1369.58270350035,1120.67360358298,1600.09227167031,3031.12207713933,304.329192220124,1574.11151044708,746.658669024406,2382.45175271057,559.732854933948,1640.84645078418,1617.44453207206,439.882980847608,1602.37978426915,1313.68526487907,782.769757927087,3742.71305929159,118.399834252519,781.611705968078,2323.70469201408,1894.93702199119,140.344473919452,967.532270145678,1284.88330843194,1685.10835009538,793.665317348814,1678.19812704385,1031.44167078829,1550.55169566693,1674.41268327285,1524.53757816057,701.142101837988,565.783550983116,2380.75992128917,1329.78270947039,1362.4085995236,792.536912723234,923.03858385849
"batch07_S03",2,995.9532741472,1429.43047235362,921.251332520896,998.343459602983,794.297489599333,613.560730358043,952.490692447525,2335.76617083284,407.212941982717,981.574344814122,825.831816220904,855.400995666975,819.874813609576,1546.13369989299,1274.15233477744,1147.6256772482,980.146891224482,2023.09588246765,1058.08573617845,826.096138652035,1103.68650075456,1195.09027785722,1567.77426563436,536.69719485299,232.082701927275,1038.28908508806,1216.19621859155,809.107112758161,900.931950366182,1528.16472312745,774.437227613868,1688.94266564963,1160.47075917915,821.249230646944,925.187446481557,1204.66880770916,909.177365299135,1586.30256187872,2021.89670897041,784.809112819944,1270.62977746082
"batch07_S07",2,744.530846329688,1774.42736131939,801.750404779321,1446.10661183195,860.929012388193,924.108523862217,933.182859027725,2909.43285612704,638.503049420788,1035.82822667838,1037.14313592042,1023.34179690487,1181.96722493929,1162.35948332504,875.417745924968,1314.36917325339,877.448140813668,1352.3306892633,888.508868244414,970.388586218816,1075.15097508949,1491.95046365658,1660.36163359633,727.724596569805,196.317438301065,1077.08268582214,950.148888226763,789.873058892644,1188.85064561901,2110.30321846909,607.346682414677,1368.72634416029,821.518403925011,802.735257061545,1109.63516827211,965.937691876844,2477.18415475657,1612.29979438198,1400.3151980301,814.551529069891,1002.64463473867
"batch07_C01",1,2386.10422153437,1707.66918748815,612.34661238894,993.273170113001,1396.28953342943,629.496140235024,1734.40394790511,2094.85401270747,657.008994226654,1064.5876857118,1272.51237546877,913.834170720895,573.083131911551,168.012670743271,1225.55556916335,910.675997889864,805.403910196249,1366.38996886871,672.541619960763,932.944708605032,1042.98678940715,1469.26198448887,1340.91189761559,725.860941511671,267.119925885351,944.713270773873,577.197997903099,861.181664243301,1100.00839818843,1898.3525443315,788.290067443514,1674.15701423657,1475.7464025856,911.255751966951,1905.36313773702,782.543482680171,1758.52805869998,906.568487122736,1286.31163547189,804.03028762745,791.381552683844
"batch07_C10",1,2071.91473251035,800.758671758124,461.505437515797,2065.22849849999,1283.39535971123,2912.21568064063,1882.01924371598,1803.32779532382,468.369601407926,1211.78324442574,1456.06471083476,904.324261061216,2353.52520105454,748.011038419571,729.263909783996,1022.33260074113,1206.96946839275,1045.9335177094,927.158621642173,1866.80634178756,264.605780793227,1764.18828001773,1158.42776537007,723.999029448765,304.740348812951,732.528710188485,792.582009108487,1183.26809483447,1221.13044403501,1967.70727100292,688.902928564248,818.868418478419,634.282876921491,938.492634576698,1315.42544911595,726.745332226579,1646.70490550478,1128.50603857246,815.417885770512,537.673258399495,1054.3445263745
"batch07_C03",1,1719.59568876921,1471.96685943532,987.884159312375,964.762584725125,1012.06482838071,1029.97081636324,1110.91247278071,1664.01388664588,666.188449472751,1266.48746254786,1159.74938946672,772.034391482664,1094.88372534458,392.912138570831,1071.32497137272,1012.15431686064,1124.10720675106,1733.67418494499,1012.01376202699,388.487690365718,934.151827745812,1185.75507431636,1377.66644626719,1065.15971909962,241.778642715975,1135.67573614342,1088.99737271474,656.844346180274,861.192414343708,1562.0674662692,428.29908882006,1644.52867986988,1005.48141854362,1092.16109098675,1719.72599627541,1491.29411362359,1048.44286168517,567.644140513567,2061.2409535773,907.452973352076,880.054518572362
"batch07_S05",2,832.785838291701,942.810924630991,850.076160837839,1058.90939417632,862.129477058156,636.331340035216,732.252445365826,2599.93735956983,624.891841136358,677.4243114265,773.372697075867,1347.47113578918,1117.42633572375,1270.01507415502,866.26650226721,901.070762099101,996.96601582433,1651.31464841049,718.337994812053,845.442709491372,1036.87047528071,1196.61029652787,1230.60047145684,559.5040488181,337.364114947031,1086.01557099513,849.232486463604,746.526157275998,777.481329975103,2249.55455150045,721.241095612201,1255.83791825212,824.776094552647,635.734348805049,980.955532262217,974.941941561791,1720.50330651399,1741.59332737243,1636.42404561309,796.161351647236,1253.59701196997
"batch07_C07",1,1794.48125156939,878.425080222321,1057.48242775664,671.471458285304,1192.93308020611,805.678243864547,1026.40997990011,1435.27913353127,603.302582374689,765.006415784518,1342.33445984608,714.218188366558,377.825864371,476.395539910861,918.420762790813,613.426319327996,1287.55931039833,1426.28737896352,917.70193462626,788.888832352695,650.359658746735,1366.54368622979,1309.60909849924,1312.65759273313,240.62750944238,688.88905493553,962.986628963184,1053.89858546251,1186.58043703869,1960.14627776688,499.554329698955,749.867903396722,647.504887956317,762.484395380605,1937.36415940549,687.177333398082,2318.93769830247,772.914835037534,1414.04098132053,688.52088850321,878.317444036919
"batch07_S06",2,796.00609177371,1071.70185041774,1090.68955967054,817.914664515855,913.073114974794,1116.50794288547,1015.26971746639,2011.3525648507,747.555254093967,716.758472822164,684.307053316031,924.06338676456,1335.13411421931,965.364876788666,1244.61688784773,671.822014150709,762.039630597809,1413.75252440891,819.376327614787,537.883132485434,1148.65908294187,1094.65742565193,1551.47780466805,960.958366255422,325.301918055305,694.657954785451,736.733739001899,496.716222772455,969.459751542916,2651.50265902368,837.199373975208,1159.15566643061,1153.00936056305,668.713022532556,554.621927694269,908.852501676126,2490.70815511299,1190.08145910836,1523.81664551221,690.109027911705,1114.69483101733
"batch07_C08",1,1836.52247174781,1198.38982721805,1196.59944587871,671.860617785135,1217.27711880592,2482.33283421106,1510.25925278301,1915.50165445992,656.103672901247,650.515863386113,967.462940231075,1059.4638144726,1547.10339626081,603.025561444368,705.738172067631,556.817602761802,1173.56161896256,812.67782385842,972.823172672813,748.255324942867,648.479133790342,919.113882540219,1030.74222012009,1370.74080686689,340.668114271117,1088.94388601888,1278.38470987608,778.92862046304,777.41847680822,2013.31037173994,406.433368830906,576.210978506612,596.469668513712,859.615987813062,1068.08546885754,1181.14929386673,1055.63644592513,1208.13775955202,1204.57504289923,908.754525083462,752.46393249024
"batch07_S02",2,800.986763948209,848.275537866887,986.52833266994,1293.65220036143,774.038852263002,770.235210845866,968.198084063563,2968.83493819754,520.989456440831,684.030349695362,963.524436271827,1076.94184850089,1192.0321111227,1279.65866382217,844.155211163771,974.104289428876,899.978298910373,1455.34543178103,1076.27055836701,978.99442572789,1020.92512356624,1166.63188806059,1199.95074648382,877.004282853653,285.095769791924,1221.79504011318,428.959724684753,1003.5053745653,858.495730313956,1740.04607287804,955.746347147389,1053.35463811332,961.942693273836,802.610863493776,1241.38802308064,626.284243691879,3164.02812357227,1688.61018364344,1629.0792728486,994.398645766527,1054.33708760688
"batch07_S09",2,514.512889410379,928.187101127,842.984041046459,891.298290154559,1174.92275043331,1348.3674211125,1214.99821810441,3290.73452588112,687.385769694294,703.285332674572,612.698184811294,941.547358995171,2215.19321502836,1276.83490416825,1030.9620709769,927.084205074869,543.385875813417,1000.67064919415,618.581072395371,648.364569648891,1019.53459163131,730.764653473347,1464.46110571995,853.493080421484,290.471414281089,1009.93465939735,976.64779765157,385.374325966916,876.929733053166,1856.99943254066,874.328101436563,1117.44169907306,1036.24078134803,740.254167118965,497.741026316015,981.211461873628,2109.61740476796,1042.10161636648,1177.06337987238,1090.09574215207,1312.10972186762
"batch07_C02",1,1210.69125858855,1712.70352869355,1121.71948546922,556.415911864139,881.345833616363,699.39822720169,1356.39764832687,2145.94178470097,346.102474058819,1301.00672654985,769.797596826754,1032.41329121873,951.251473018888,596.18902938229,847.608546524447,619.736431178102,939.569450729962,2348.50411581453,907.529651898665,966.922165514464,707.880579530533,802.05715447676,891.065367902461,872.052567617234,184.824354004152,1143.96919752725,1181.04114492656,803.619577785989,755.819834280739,1835.52295490912,1195.92004679254,1598.26579293054,1169.82796220961,934.812617808861,1099.69772625181,1260.28575982486,1399.78908187986,910.181732152344,1754.82220233861,932.602155822353,1041.11454235121
"batch07_S04",2,791.53847055093,1127.59142549198,997.632517191919,1117.41269641885,690.649582521763,654.381771726638,779.61917388716,2644.77248216036,366.097227158212,864.07694440985,1168.76806106994,983.605887576393,925.906890311807,1080.52372311738,973.931955643832,1184.89335983513,801.422409055504,1567.4079736426,708.529134465378,765.959972301734,1099.12117165605,1321.7262459272,942.102739146534,641.012080487401,242.290058800059,1240.11631718277,896.342611795318,1092.46870428996,1122.63500662462,1581.06245898795,801.547853920919,1506.24329442355,931.253252241263,832.463209448756,1309.97655209556,801.21512196973,1911.57287963411,1311.80912397703,1240.57266471044,1075.43169844257,962.694578622229
"batch07_S08",2,868.857909627922,1265.37467759947,863.525791674534,1209.7744510536,712.582464515077,893.775515922826,1161.22843551403,3227.82820333248,599.451287059057,752.889783743037,687.519865307014,950.374704497074,928.436219372074,1342.35001159399,745.749981587793,994.481687521905,786.997845708044,1040.30434410505,700.191569550022,1056.15957042794,910.690499163442,921.68539769323,512.695749959198,896.876478876898,198.848534016164,1192.49255450539,1124.20955552881,1194.45190627844,783.542386398082,1820.36274229633,1101.03774234364,927.547720061883,2084.34575169535,660.518506259517,701.446399302352,476.334265685673,2413.1394188854,1407.55243505551,624.470257090619,1006.71237550806,1246.30212612293
"batch07_S10",2,113.159949426935,1224.67689551936,882.266117447009,1099.0538906595,856.281946475554,1430.67084796282,874.647502680195,3669.57178296515,810.522209418317,585.379429501276,757.235537593947,1026.17208008868,1685.62498503894,1338.50908747434,1047.96664607562,887.448608351604,808.477558513234,1404.40332272096,1109.41072582411,686.095127415318,1041.52038622591,1150.58752278058,920.72802007985,499.705793897057,376.705323256992,1237.074058335,667.343644615795,857.570752817795,866.258315416946,2309.89384660168,792.304786469617,1055.86248054948,1222.93829991942,726.400997592836,741.202045741175,534.678237185144,3703.74439196565,1768.47466496902,1513.05876069908,999.225650389275,940.409574215215
"batch07_C09",1,1193.12586539648,672.081530015766,1096.41225073838,859.111131540608,1337.04213877832,1284.54255817744,895.317485059736,3101.89156283388,452.003486477703,873.056497678935,778.326476548677,1346.40339900765,529.440770366463,785.524714306264,808.790483068927,519.431721032725,1452.65322338036,1043.55023488901,690.13892136456,1679.32627095457,633.221511910888,841.399457680932,1145.96208325749,816.80049651816,279.773378207015,1057.65275896963,933.804974489963,1860.19402985983,842.733611724031,1734.8623839181,1286.05283479066,1036.90939449883,1074.88907160981,887.407154351783,587.774714463673,615.957967503723,3491.13147003748,967.204808553939,881.589636379151,1054.63958020492,1052.31301631184
"batch08_C05",1,193.387969747601,763.688870501198,924.604346743109,887.68068021661,1251.36962946965,928.247120098964,1115.11478028816,3164.46971189264,518.043299703995,587.834648135681,816.443558424548,1890.8580794554,523.711387572415,1171.04070852403,1260.8017514491,469.746739294697,1378.04785393819,720.462465247834,707.688106443072,1862.74003861314,848.078130033728,767.182702962516,1968.28510452328,1116.71672504165,342.296387585907,1252.94243408916,825.263814178257,1510.90849244891,881.787945968317,1808.2386734352,1428.61280145549,1348.84564853582,1602.72477127814,828.361378675432,990.63852112117,659.82383930309,3117.00557026314,1751.12661028158,780.663941885237,927.295310374194,861.302258767928
"batch08_S03",2,735.819228033798,657.485316117503,797.157761881805,1163.85122566547,837.060940898485,1900.52449088902,614.569783166296,2972.16350488099,967.715005988039,795.02142024521,711.590115403073,1430.88295660157,1705.96280650503,1432.32753331435,1084.582254197,896.288526791808,935.710280535466,1441.71977597631,800.374982996906,768.05572662465,916.930687038808,836.616372462894,975.625423476087,631.878858653462,569.803492789247,886.351063689182,986.450156181571,834.046666010136,787.819440903825,2224.65850190885,739.58444730276,1202.33193764737,1171.18089349331,609.390254599884,780.308032485857,800.170697641602,2841.0501909734,1595.51210829679,1259.45535177947,717.936340427738,1171.67868331217
"batch08_S07",2,761.738284113397,1471.61480175431,838.418574133476,1592.34338650194,887.389457455768,1201.30072481521,889.36993851306,2722.72867570269,711.530716570149,1061.14599855785,1010.2822626093,856.991563217099,1417.13092000759,1269.44148516492,891.143299954166,1282.74380717493,840.552161417604,1263.16709925658,731.83160351404,939.208622211561,1138.64781036168,1370.72152246581,775.45265149509,686.222104066397,193.163299124344,1120.53247821577,941.196827672067,806.567357785762,1057.32155582017,1785.06711777937,819.590373650027,1449.7110691314,803.677385947042,704.841804289456,1074.9420390979,927.815032540756,1763.97421889089,1584.7706728059,1205.44629443946,751.058367713934,1047.65926533015
"batch08_C01",1,2170.73331981738,1595.24189331148,566.181025517455,1005.54458333959,1225.41618770988,1115.59659065561,1551.74224415056,1751.17793563208,593.384270089885,1107.19435499984,1706.86977735339,1011.98205099597,839.50623661562,248.4479294832,1094.84967477982,1108.88594259427,926.440779629075,1467.0520384146,875.20385824379,893.607540466233,1271.77170224513,1798.65330003886,736.89882510753,642.263981910474,285.726103186448,1038.15245702732,1284.7565781727,981.369973242697,1419.95011902767,1521.51696296539,1081.46097837393,1733.75039137158,1433.94800577323,909.745686137127,2067.20604254464,801.039657358223,3367.68977009281,371.538301035991,1295.36022286496,788.146732972878,1008.12496426628
"batch08_C10",1,1750.0589195158,932.600595907319,521.535650550143,1313.23746643598,958.208338696614,747.329337031375,1513.77019864664,3181.02605703665,748.231811417912,899.756662970457,1370.29260563545,1016.03228874564,417.30305262612,944.446225871576,606.461984158541,910.234949231924,907.651381137708,1251.8221568201,1001.55407153762,2074.7726858993,352.897260110471,1662.67017359954,517.699952585408,769.280775159556,309.454587915195,1052.46875906528,979.485110456532,1189.08853500441,1384.89828722891,1878.2793884504,755.604689103018,896.846814912858,596.38789257192,967.212325254071,1357.45805285345,584.801672751177,4875.2469637591,1252.39198865784,609.228703866753,744.631295592522,1027.0746816397
"batch08_S01",2,491.487007477081,855.000958682874,604.505382135358,1268.89870446517,854.325258322773,1030.90845027161,718.560402223967,2979.48281552582,690.74499174162,817.363866364248,741.754790960151,1088.49770371078,1048.01712609606,1336.28545968875,1498.91616729173,832.579705689117,928.951141132429,1790.60401901929,1082.86901920608,1037.9373006233,1038.97082952334,1233.74002638153,842.387178235002,495.110764572416,317.030692736138,1072.99564608702,704.640803060634,614.485065336755,915.922358689548,2193.46952806787,1037.92852763902,1316.93480841237,994.757052862801,723.178882309197,785.06512722413,1041.350896443,3236.3559344392,1802.54061345789,1525.31002283265,754.421939036436,1045.92338457656
"batch08_C03",1,1205.54746991415,1199.69635072723,915.986505749166,992.508727997187,940.838663432428,982.404535459666,1040.46493406276,1850.21686389484,545.183664036065,1035.20365422784,1073.79012083137,1194.15810770724,1047.9647618947,397.445817318946,1046.01362547988,914.007789629048,1059.38346462204,1958.25796495655,993.957928249057,562.22422088162,1091.29169174189,1071.77472383529,838.492472668662,959.387311426147,281.891559462701,983.619082825921,768.741504664313,614.815931729893,1056.60107975533,1867.59100878658,946.712890139758,1239.28851767812,1068.68890608782,928.070185878095,1921.15596897258,1195.24659620694,1832.97447794966,497.356829625145,1653.41276344461,817.658450357162,749.07931408264
"batch08_S05",2,697.91853558005,837.36227703693,960.255846007519,1047.59478580713,706.57924966997,1178.86940626221,734.534577589623,2821.72230444497,608.835414459957,706.486926811522,744.871659849557,1541.88697865744,1168.27748889013,1433.63078935614,812.774772765867,854.594023668053,902.556221773476,1674.84461188242,912.331149437429,823.119460004993,893.543175057268,1080.79191233819,1350.03744080766,668.88892786247,360.347177512722,1012.96739501551,886.7554183173,808.26662243119,957.699921303987,2118.75039988381,973.114899643903,1192.9583453776,924.115100977628,570.822564477465,615.013663316251,891.271757314774,2794.03729772825,1721.55036044327,1530.12320542236,786.120293945278,1160.88171959233
"batch08_C07",1,1620.50447820939,751.469028881372,1014.5160699432,909.587746398238,1054.93641066316,920.328471781164,1226.56325718379,1637.93218182714,606.617252116967,1023.70659813702,1105.919788222,896.862713995588,302.204501240351,528.625210401158,860.660114780185,719.98380065042,1372.7039656922,1340.94299263535,838.946230977268,962.567727729876,522.68595263998,1132.14338944391,1239.14600332789,1627.61192749945,297.418425272616,694.625247667396,678.473231968074,1089.46896447742,1000.25724409531,1932.68261394499,641.665491285012,761.637935435784,826.599809217786,835.830988709848,1197.02480271961,715.796376992209,2091.12731717077,652.47268354035,1292.93200102534,683.272571441517,811.962302061498
"batch08_S06",2,793.107547490348,712.168503571131,741.699403582507,897.852332099018,793.565257536706,1072.53670195436,1011.20663426022,2879.10516905204,944.439213779259,645.667124618619,671.197869544104,1060.18795666579,1135.06311273188,811.921505292819,1117.08158489939,646.784494468328,828.972518365707,1448.68241935835,856.972836537935,706.983570248134,1114.27757031436,986.411387606771,826.193410244249,1146.86222439826,479.149218401716,802.934150201343,685.066389521119,462.77109367549,838.681049090595,2242.63353522052,1014.50377586619,1047.66327125569,955.744998557317,493.170759977243,629.809390873185,683.321224000127,5360.25740123222,1198.32967431761,1341.30141451048,725.405998070641,913.861680316495
"batch08_C08",1,1076.58157543472,1327.96168383986,1060.18078005294,694.548887424187,904.262103731923,872.186838012027,1255.51288407617,2114.94253775,591.388342082898,1006.64604954465,940.755665611152,668.995461336648,855.50127804087,783.586001392169,783.954908194647,658.148303651158,1050.8258934806,917.162927546001,922.532088904992,899.090260107912,837.947837556764,885.220554387841,671.186605381001,1156.87436072078,318.622309945357,865.827353634342,946.398734707707,682.842985652986,743.275684772277,2258.23387954435,846.772891502467,629.912646800418,519.568082851033,785.904703973268,1315.509008517,971.724055487949,2885.57159873357,1321.33909403721,1182.1348864251,744.646608644399,806.504927696797
"batch08_S02",2,829.026356548662,943.487872472052,991.973209361724,1239.98979378688,719.861538085833,779.865707856241,958.969175062968,3279.21629406028,685.159901951786,889.876349037976,990.971413728387,988.166100802039,721.102442552532,1317.07416941785,860.726027071371,930.747328974512,881.353404343181,1789.28502918482,1036.55567734498,607.951038610827,1055.3732848894,1168.91577325865,522.231142260812,762.834476730501,371.993820345248,1153.5423430492,798.919831130953,941.79361865311,1040.80113703331,2062.5297867987,816.644346510295,979.864117245094,990.649761026615,847.41028950161,1107.17450634637,606.159425372905,2064.29322774785,1569.62054385941,1357.88530978218,827.838363026004,1005.33178002923
"batch08_S09",2,552.307171415057,1039.65574401769,1063.8490543745,962.497511099895,951.786615828016,1235.75741432713,1241.55829261213,3133.59785657616,793.616203916331,1031.36492041218,596.745808484065,874.469356970801,1368.22821578869,1044.16673954382,1130.26811726801,1063.61975730482,670.375240502684,1163.63264365062,662.397799478128,558.451327208507,1133.3337883854,870.2506402382,1410.59310279751,1001.86525271028,412.624968248371,1010.75000114444,845.086703540931,391.367850869986,755.502270657788,2201.98963892497,1203.41568008673,1174.06842939077,943.422715529942,837.105684295233,361.083318354982,1005.43615054359,3498.53172302797,752.242905156958,1187.17129954974,1144.29232146912,1328.99006969613
"batch08_S04",2,880.550290911175,1344.75519672425,1020.65526398274,1598.10105447369,792.764099914142,788.105317676169,820.961905446831,3369.50751801854,431.766071320561,921.913949266401,1071.10523167659,858.878206297045,964.365981153808,922.349232019769,1077.5157288636,1348.28629035453,671.471408499418,1376.30179517066,1082.45443066666,905.646724570015,1054.81381452293,1286.9551880066,595.571495416577,797.472882463211,319.539211996491,1086.39016919719,749.622981628559,1134.89734675374,1304.23506705607,1705.21458065799,1115.22335346085,1336.22312672292,970.248137059468,971.692926952648,944.347340235719,722.07243607967,3090.84630385619,1178.70099679661,1227.12714758942,923.329964684833,1044.02505695696
"batch08_S08",2,835.788868555253,1142.40276955138,1347.90812806767,1067.86985359078,758.777450460539,1071.37071372981,1026.64691239969,3182.22792511012,471.029513627292,786.570657757752,733.955143991714,633.523272228273,1242.14528702721,1378.93906588624,740.099831507646,991.376689492995,862.795541782445,1004.41224701052,998.579686362431,1084.00137020972,852.045134492757,957.732572509566,668.728277994551,984.949382585539,338.013128547523,1139.73846077292,796.822452062966,1158.70266295268,837.624316012039,2004.80272761523,765.198697120122,948.798203454987,1904.91297399725,803.588116126541,539.247371733735,500.664915476704,2374.74313004171,1374.1902038053,1016.91152506309,958.459759204278,1452.75833717646
"batch08_C04",1,1336.65590385173,992.350615443182,1435.50627729934,1060.02551357414,859.714036945188,857.81461831837,1067.76704674529,3058.93100850033,371.877620498148,880.382757288855,1580.15128337745,965.965122607652,926.55419778374,332.832990944834,785.353147678183,1048.14796627965,957.380018830966,1625.9155102044,699.796420307284,535.153834587627,430.041949011488,1341.49789606322,615.382622038968,975.360201134922,277.09021092304,1101.85984335282,739.846078156535,963.211048862523,1113.62785510213,1943.46199454367,1317.83628725055,1269.24804055677,704.275949814073,902.017440371803,1629.41004078843,677.00342439743,3202.98586922551,487.320042705253,1692.94569245281,985.913534952337,1097.67425060837
"batch08_S10",2,400.470332248718,1125.25932654902,1012.01778428184,1134.04210264723,750.802864648891,1738.85997411491,980.948406072486,4139.95780127497,659.96930220821,702.005138757731,727.443962012689,986.242856339767,1170.66467938635,993.195668453271,1092.99692368732,976.780746700282,891.895254246894,1629.12803708189,1056.30333859967,710.843059086015,1036.04595596771,1116.92326384045,1435.23372801261,694.627436984203,430.568640143107,1377.83916138056,723.981890776148,889.752541945988,858.558028617866,2190.38902128071,1639.79293277403,1148.98764242753,1330.33429292791,825.655026023291,604.920570773776,528.710099441843,3167.46057196221,1411.044289616,1549.28458046782,1197.52693571021,1315.66413652726
"batch08_C09",1,1113.84450118875,733.335290613186,1355.81338604737,688.671155962161,1313.1809725529,783.386398683147,720.248986376747,2827.50249119998,704.024181031877,909.735903307866,961.827073969158,1207.02611030137,471.843654116007,862.637637921089,924.043618841135,581.777730186775,1781.89843677232,871.857728153098,944.185694515996,1504.55125005987,597.134972925034,989.275855407957,517.215257453425,753.639085021532,344.645485141309,981.237343603936,821.124379938778,1756.22893924168,850.279920903919,1906.42984254778,1352.62368170238,1026.39161219685,901.89268907896,879.618151648389,653.71277839093,571.938966764684,4109.32324684617,1165.57335248572,829.922024396823,1070.52384308129,1080.84497297731
